17|Food:CoffeeShop
552|Home/Work/Other:Corporate/Office:TechStartup
14|Food:American
9|Parks&Outdoors:SkatingRink
548|Food:American
274|Food:Gastropub
148|Food:Burgers
277|Food:Sandwiches
519|Food:BBQ
465|Arts&Entertainment:MovieTheater:Cineplex
511|Shops:Paper/Office
62|Arts&Entertainment:MovieTheater:Cineplex
509|Nightlife:Bar
52|Food:Café
53|Home/Work/Other:Corporate/Office:TechStartup
35|Food:Café
118|Food:Bakery
502|Nightlife:MusicVenue:RockClub
498|Arts&Entertainment:Museum:Art
159|Food:CoffeeShop
494|Nightlife:HotelBar
130|Food:Italian
492|Arts&Entertainment:MovieTheater
129|Travel:Airport:Gate
477|Shops:Furniture/Home
83|Food:Breakfast/Brunch
69|Food:CoffeeShop
216|Home/Work/Other:Corporate/Office:TechStartup
67|Travel:Airport
430|Travel:Airport
158|Arts&Entertainment:Stadium
154|Travel:Subway
416|Travel:TrainStation:Train
125|Shops:DepartmentStore
126|Arts&Entertainment:Museum
127|Arts&Entertainment:ArtGallery
128|Food:CoffeeShop
146|Home/Work/Other:Corporate/Office:CoworkingSpace
155|Travel:TrainStation
11|Food:French
153|Shops:Technology
66|Travel:Airport
454|Travel:TrainStation
382|Arts&Entertainment:PerformingArts
215|Travel:Airport
355|Home/Work/Other:EventSpace
256|Food:Sandwiches
45|Arts&Entertainment:MovieTheater
10|Parks&Outdoors:Other-Parks&Outdoor
276|Nightlife:Bar
65|Shops:VideoGames
280|Food:Italian
282|Shops:Hardware
283|Nightlife:Cocktails/Mixology
36|Food:JuiceBar
37|Parks&Outdoors:Park
97|Travel:Airport
49|Arts&Entertainment:Stadium:Football
645|College&Education:Stadium:Baseball
873|Food:Café
1013|Shops:Food&Drink:Grocery/Supermarket
1009|Home/Work/Other:Corporate/Office
880|Food:CoffeeShop
1008|Food:Ramen/Noodles
94|Travel:Airport
963|Travel:Airport
889|Travel:Airport
961|Travel:Hotel
953|Travel:Hotel
593|Home/Work/Other:Corporate/Office
800|Food:Thai
865|Food:CoffeeShop
863|Food:Café
862|Arts&Entertainment:MovieTheater
861|Shops:Bookstore
850|Arts&Entertainment:Other-Entertainment
755|Nightlife:Bar
737|Shops:Mall
604|Shops:Technology
693|Food:TeaRoom
732|Nightlife:Bar
715|Shops:Food&Drink:Grocery/Supermarket
597|Home/Work/Other:Gym/Fitness:YogaStudio
1146|Food:Sandwiches
608|Food:Pizza
771|Food:German
1079|Food:CoffeeShop
1072|Shops:Food&Drink:Grocery/Supermarket
1029|Food:Indian
1293|Food:Breakfast/Brunch
1294|Food:IceCream
1284|GreatOutdoors:Parks
1281|Home/Work/Other:Gym/Fitness:Gym
1298|Food:Café
909|Parks&Outdoors:Harbor/Marina
1346|Food:Burgers
1347|Food:IceCream
1331|Travel:Subway
1034|Travel:Airport
1741|Food:Mexican
1318|Food:NewAmerican
435|Food:CoffeeShop
1759|Nightlife:Lounge
1554|Food:Bakery
1257|Food:CoffeeShop
1577|Shops:Food&Drink:Grocery/Supermarket
1459|Home/Work/Other:Corporate/Office
1463|College&Education:Trade/TechSchool
1578|Food:IceCream
1655|Nightlife:Cocktails/Mixology
1656|Nightlife:Bar
745|Parks&Outdoors:Other-Parks&Outdoor
1712|Food:Breakfast/Brunch
495|Shops:Food&Drink:Grocery/Supermarket
1477|Travel:Airport
1466|Food:CoffeeShop
1478|Travel:TrainStation
1302|Food:CoffeeShop
821|Nightlife:Bar
1555|Food:American
1010|Travel:TrainStation
1910|Food:Soup
1258|Travel:TrainStation
913|Nightlife:Bar
1896|Travel:Hotel
1882|Travel:TrainStation:Train
970|Food:CoffeeShop
1344|Travel:TrainStation:Train
299|Travel:Hotel
1847|Nightlife:SportsBar
2287|Home/Work/Other:Corporate/Office
666|Home/Work/Other:Corporate/Office:TechStartup
1965|Food:CoffeeShop
1181|Food:Vietnamese
2122|Arts&Entertainment:MusicVenue
2118|Travel:Hotel
1894|Travel:Hotel
2117|Nightlife:Bar
2110|Home/Work/Other:ConventionCenter
2116|Home/Work/Other:EventSpace
2115|Nightlife:MusicVenue:RockClub
2113|Nightlife:Bar
2106|Nightlife:Lounge
2302|Nightlife:SportsBar
1254|Shops:DepartmentStore
2436|Travel:Airport:Terminal
799|Arts&Entertainment:ArtGallery
2574|Travel:Airport
2576|Nightlife:Nightclub/Discotheque
2577|Nightlife:Bar
2584|Nightlife:Cocktails/Mixology
2533|Nightlife:Lounge
2535|Food:HotDogs
2568|Arts&Entertainment:ArtGallery
2538|Nightlife:Bar
2589|Arts&Entertainment:MusicVenue:RockClub
2215|Travel:Airport:Terminal
1073|Food:Café
3167|Food:BBQ
3482|Food:Breakfast/Brunch
3443|Food:Swiss
3277|Food:CoffeeShop
1450|Travel:Airport
3395|Home/Work/Other:Corporate/Office
3342|Food:American
571|Food:Asian
3255|Food:American
1063|Food:Café
667|Food:Café
522|Travel:Hotel
540|Food:French
114|Travel:Airport:Terminal
3368|Travel:Airport:Terminal
436|Travel:Hotel
56|Food:CoffeeShop
3377|Travel:Airport:Terminal
2545|Home/Work/Other:Corporate/Office:CoworkingSpace
3278|Food:Asian
3412|Food:CoffeeShop
3498|Arts&Entertainment:Other-Entertainment
402|Food:American
135|Parks&Outdoors:Garden
3694|Home/Work/Other:Corporate/Office
4166|Home/Work/Other:Corporate/Office
549|Food:Italian
3494|Home/Work/Other:Gym/Fitness
520|Nightlife:MusicVenue:RockClub
3575|Arts&Entertainment:MusicVenue:RockClub
3671|Home/Work/Other:Other-Buildings
3849|College&Education:Trade/TechSchool
3660|Parks&Outdoors:Park
2597|Nightlife:WineBar
4136|Arts&Entertainment:MusicVenue:RockClub
2525|Parks&Outdoors:Other-Parks&Outdoor
4134|Nightlife:Bar
3890|Nightlife:BeerGarden
3492|Food:CoffeeShop
3586|Home/Work/Other:Corporate/Office
4126|Home/Work/Other:Corporate/Office
404|Food:Burgers
4115|Food:FoodTruck/StreetFood
3712|Shops:RecordShop
4108|Arts&Entertainment:MovieTheater
929|Travel:Hotel
4102|Arts&Entertainment:MusicVenue:RockClub
4015|Home/Work/Other:Government:Monument/Landmark
4098|Arts&Entertainment:ArtGallery
3509|Arts&Entertainment:Museum
617|Arts&Entertainment:Museum
2419|Food:Thai
4090|Travel:Subway
539|Nightlife:HotelBar
4025|Food:Bagels
4021|Arts&Entertainment:ArtGallery
3549|Arts&Entertainment:ArtGallery
236|Nightlife:Lounge
4010|Nightlife:Bar
3976|Shops:DepartmentStore
4008|Home/Work/Other:Government:Monument/Landmark
3871|Nightlife:MusicVenue:RockClub
3731|Home/Work/Other:Corporate/Office:TechStartup
4038|Travel:Hotel
954|Home/Work/Other:ConventionCenter
897|Arts&Entertainment:Casino
4036|Travel:Hotel:HotelBar
4119|Food:Pizza
3955|Travel:Boat/Ferry
3939|Food:Tacos
3912|Parks&Outdoors:Park
2006|Parks&Outdoors:Plaza/Square
3581|Travel:Hotel
3991|Shops:Bookstore
3902|Home/Work/Other:Corporate/Office
3862|Home/Work/Other:Corporate/Office
3899|College&Education:AcademicBuilding
3530|Home/Work/Other:Corporate/Office:Auditorium
3168|Food:Café
3668|Home/Work/Other:Other-Buildings
3505|Home/Work/Other:Other-Buildings
428|Home/Work/Other:Corporate/Office
3881|Food:American
3646|Shops:Bookstore
3657|Nightlife:Bar
3924|Parks&Outdoors:Other-Parks&Outdoor
568|Food:Steakhouse
307|Home/Work/Other:EventSpace
3915|Arts&Entertainment:Other-Entertainment
102|Travel:Hotel
3858|Travel:Hotel:RoofDeck
3759|Food:CoffeeShop
3765|Food:CoffeeShop
413|Travel:Airport:Terminal
3766|Travel:Airport
3763|Home/Work/Other:ConventionCenter:MeetingRoom
3801|Home/Work/Other:ConventionCenter:MeetingRoom
3744|Nightlife:Bar
1891|Nightlife:Lounge
3789|Home/Work/Other:ConventionCenter:MeetingRoom
3751|Nightlife:BeerGarden
3748|Arts&Entertainment:MusicVenue:RockClub
3740|Shops:Food&Drink:Grocery/Supermarket
3736|Travel:Hotel
3615|Nightlife:Bar
3733|Parks&Outdoors:Park
3732|Nightlife:Pub
3547|Food:Bakery
3687|Food:Chinese
3685|Home/Work/Other:Corporate/Office:CoworkingSpace
3850|Nightlife:MusicVenue
3644|Travel:Subway
572|Nightlife:Bar
692|Parks&Outdoors:Plaza/Square
3679|Travel:Subway
3650|Home/Work/Other:Other-Buildings
3640|Nightlife:Bar
3639|Nightlife:Bar
3636|Home/Work/Other:Corporate/Office
3634|Nightlife:Bar
3706|College&Education:Other-College&Education
3702|Food:Japanese
3557|Arts&Entertainment:Museum
3501|Arts&Entertainment:Other-Entertainment
3808|Food:Café
3891|Nightlife:Bar
387|Food:Deli/Bodega
3565|Food:Seafood
320|Arts&Entertainment:Stadium:Baseball
3558|Food:Southern/Soul
3548|Home/Work/Other:EventSpace
3554|Home/Work/Other:Corporate/Office
3546|Food:BBQ
3545|Nightlife:Nightclub/Discotheque
3663|Nightlife:Nightclub/Discotheque
447|Home/Work/Other:Corporate/Office
3656|Nightlife:Bar
3531|Nightlife:Bar
3536|Food:BBQ
746|Nightlife:Cocktails/Mixology
3524|Nightlife:Bar
1735|Travel:Airport
3602|Nightlife:Bar
3601|Nightlife:Bar
3600|Nightlife:Bar
3595|Arts&Entertainment:BowlingAlley
3587|Parks&Outdoors:Other-Parks&Outdoor
4313|Food:CoffeeShop
634|Food:CoffeeShop
2499|Travel:Airport
3271|Travel:Airport
4222|Travel:Hotel
4181|Travel:Subway
4269|Travel:Airport
2501|Shops:Toys&Games
2613|Parks&Outdoors:Playground
4824|Parks&Outdoors:ScenicLookout
4805|Uncategorized
4817|Food:French
4498|Travel:Airport
942|Nightlife:HotelBar
2948|Travel:Hotel
1957|Parks&Outdoors:ScenicLookout
2008|Arts&Entertainment:Other-Entertainment
4736|Nightlife:BeerGarden
54|Home/Work/Other:Corporate/Office:TechStartup
1480|Travel:TrainStation
3414|Food:TeaRoom
4686|Travel:Airport:Terminal
4494|Travel:Subway
939|Travel:Airport
265|Nightlife:MusicVenue
662|Nightlife:Bar
5029|Food:CoffeeShop
3108|Food:Other-Food
3171|Food:CoffeeShop
3175|Food:Mexican
3141|Food:American
4987|Nightlife:DiveBar
546|Food:CoffeeShop
4960|Travel:Airport
893|Arts&Entertainment:Casino
5024|Food:CoffeeShop
4316|Travel:Airport:Terminal
174|Travel:Airport:FoodCourt
4901|Food:CoffeeShop
2595|Nightlife:Bar
859|Food:Café
817|Food:Breakfast/Brunch
5083|Home/Work/Other:Corporate/Office
5091|Home/Work/Other:Other-Buildings
2594|Food:Vietnamese
5330|Food:Café
5346|Nightlife:Pub
1866|Food:Mexican
5495|Nightlife:Bar
2474|Nightlife:Bar
2621|Nightlife:Lounge
1082|Food:Caribbean
2600|Food:Burritos
5482|Nightlife:Bar
5592|Food:Sandwiches
5601|Nightlife:Bar
5323|Food:CoffeeShop
5310|Parks&Outdoors:Lake/Pond
5568|Parks&Outdoors:Park
5580|Parks&Outdoors:Park
119|Travel:Airport
5191|Travel:Airport:Terminal
5806|Travel:Hotel
5414|Food:Mexican
4895|Nightlife:Pub
5800|Nightlife:Bar
5940|Arts&Entertainment:MovieTheater:IndieTheater
42|Food:Sandwiches
5910|Shops:Food&Drink:Grocery/Supermarket
5969|Food:Desserts
5976|Food:IceCream
3178|Nightlife:DiveBar
6013|Food:CoffeeShop
5158|Food:BBQ
3346|Food:French
5878|Travel:Airport
2586|Food:Ramen/Noodles
6551|Food:American
6571|Home/Work/Other:Gym/Fitness
6332|Shops:DrugStore/Pharmacy
6034|Shops:Food&Drink:Farmer'sMarket
6307|Home/Work/Other:Gym/Fitness:Gym
5628|Arts&Entertainment:Stadium
6060|Food:IceCream
6487|Nightlife:Bar
6317|Travel:TrainStation:Train
6118|Shops:Food&Drink:Grocery/Supermarket
6164|Food:American
48|Travel:TrainStation
6313|Food:Chinese
5520|Nightlife:Bar
6300|Travel:Subway
3169|Food:Burgers
6334|Travel:Hotel
4952|Shops:Furniture/Home
6144|Shops:Food&Drink:Grocery/Supermarket
5317|Food:Café
5624|Food:HotDogs
6355|Travel:Airport:Terminal
6024|Food:Sushi
5971|Food:French
3174|Food:Mexican
80|Parks&Outdoors:Park
838|Nightlife:BeerGarden
6407|Shops:Bookstore
5274|Food:Falafel
6460|Shops:Food&Drink:Grocery/Supermarket
6310|Shops:Food&Drink:WineShop
3110|Food:Sandwiches
3173|Food:CoffeeShop
5287|Shops:FleaMarket/Fair
6638|Travel:Subway
4622|Shops:Food&Drink:Farmer'sMarket
6640|Shops:Technology
6642|Nightlife:SportsBar
1539|Food:Café
6537|Food:Bakery
6278|Food:NewAmerican
6667|Food:Café
6668|Nightlife:Bar
6685|Arts&Entertainment:MovieTheater
6098|TravelSpots:Airports
6101|Arts&Entertainment:Casino
6210|Travel:Airport
6213|Food:CoffeeShops
6053|Shops:Food&Drink:Grocery/Supermarket
4951|Food:Pizza
7191|Shops:Mall
2310|Travel:Airport
213|Travel:Airport
241|Travel:Airport:Terminal
2905|Travel:Plane/In-flight
6985|Arts&Entertainment:MusicVenue
6991|Nightlife:HotelBar
3375|Food:Bakery
6081|Food:Bakery
2226|Travel:Airport:Terminal
6905|Travel:TrainStation:Train
5640|Travel:LightRail
6909|Travel:TrainStation
2332|Home/Work/Other:ConventionCenter
2588|Home/Work/Other:Corporate/Office:TechStartup
5650|Travel:Airport:Terminal
6783|Travel:Airport:Terminal
6789|Travel:TrainStation
6795|Travel:Airport
5836|Travel:Airport
6847|Travel:Airport
2711|Food:American
6951|Travel:Highway/Traffic
7491|Food:Pizza
7490|Shops:Food&Drink:Deli/Bodega
1574|Food:CoffeeShop
7400|Food:CoffeeShop
7299|College&Education:Library
997|Travel:Airport
7654|Nightlife:SportsBar
7585|Travel:Airport
6395|Travel:Hotel
6318|Home/Work/Other:Corporate/Office
7891|Nightlife:Bar
7908|Nightlife:Brewery/Microbrewery
7906|Travel:Hotel
4843|Nightlife:Bar
7895|Food:Italian
7889|Food:CoffeeShop
7851|Food:Café
3111|Home/Work/Other:Corporate/Office:TechStartup
7947|Food:Thai
7945|Home/Work/Other:Corporate/Office:TechStartup
7863|Food:Café
5569|Food:Mexican
7814|Travel:Subway
7812|Travel:TrainStation
85|Food:Café
857|Travel:Airport
2156|College&Education:AcademicBuilding
632|Food:CoffeeShop
8150|Food:Burgers
4849|Nightlife:Bar
8663|Arts&Entertainment:MusicVenue:RockClub
7875|Nightlife:DiveBar
2598|Food:BBQ
6722|Nightlife:Bar
3128|Nightlife:Bar
398|Nightlife:WineBar
4842|Nightlife:Bar
3115|Food:BBQ
8543|Arts&Entertainment:Arcade
8643|Nightlife:Speakeasy/SecretSpot
8639|Home/Work/Other:Corporate/Office:CoworkingSpace
8637|Nightlife:WhiskyBar
8309|Nightlife:Karaoke
8431|Food:American
8468|Nightlife:BeerGarden
8471|Food:Burgers
6566|Home/Work/Other:Corporate/Office:TechStartup
8473|Nightlife:Lounge
6059|Shops:Apparel
6560|Food:Burgers
8494|Food:Burgers
8493|Nightlife:Bar
4875|Nightlife:Bar
4934|Food:Italian
113|Food:French
5028|Nightlife:WineBar
5013|Nightlife:Bar
8014|Food:Burritos
4839|Nightlife:Bar
3609|Arts&Entertainment:MusicVenue:RockClub
6324|Nightlife:Bar
7617|Food:American
8353|Nightlife:Bar
4915|Nightlife:Cocktails/Mixology
4845|Food:German
4177|Nightlife:Bar
618|Food:Mexican
95|Arts&Entertainment:BowlingAlley
8399|Nightlife:Bar
8444|Nightlife:DiveBar
4255|Nightlife:Bar
4260|Nightlife:BeerGarden
1780|Home/Work/Other:Corporate/Office
8508|Food:Deli/Bodega
4246|Nightlife:Bar
5014|Nightlife:Bar
8577|Nightlife:SportsBar
6572|Nightlife:SportsBar
8519|Home/Work/Other:Corporate/Office
8619|Home/Work/Other:Corporate/Office
8305|Nightlife:Lounge
6283|Food:Burgers
506|Home/Work/Other:Corporate/Office
8384|Food:Asian
9082|Shops:Bank/Financial
6327|Shops:Furniture/Home
2741|Food:CoffeeShop
9253|Shops:Apparel
9297|Travel:Airport:Terminal
9346|Travel:TrainStation:Train
9360|Nightlife:Bar
543|Arts&Entertainment:MovieTheater:IndieTheater
7410|Shops:DrugStore/Pharmacy
9079|Food:CoffeeShop
6021|Shops:Hobbies
5081|Food:JuiceBar
7912|Food:NewAmerican
3904|Travel:Airport:Terminal
2914|Arts&Entertainment:Casino
9260|Parks&Outdoors:Harbor/Marina
9095|Shops:Sports&Outdoors
8341|Food:Diner
8312|Food:American
9272|Food:French
9220|Shops:Bookstore
8303|Food:Tapas
9197|Shops:Mall
5293|Food:Burgers
162|Travel:Airport:Plane
6302|Food:Pizza
9081|Food:Sandwiches
7911|Food:CoffeeShop
9098|Parks&Outdoors:DogRun
9108|Travel:Highway/Traffic
9132|Parks&Outdoors:Other-Parks&Outdoor
9135|Travel:TrainStation:Train
9152|Home/Work/Other:ConventionCenter
9156|Food:Café
9158|Shops:Bank/Financial
4991|Nightlife:MusicVenue:ConcertHall
9427|Travel:TrainStation
9426|Travel:Airport
9405|Travel:Airport
5886|Travel:Airport:Terminal
5642|Nightlife:Cocktails/Mixology
1228|Food:Breakfast/Brunch
2170|Travel:Airport:Plane
9583|Food:CoffeeShop
9592|Food:CoffeeShop
9683|Shops:Mall
3488|Travel:Airport
6514|Food:CoffeeShop
1138|Home/Work/Other:EventSpace
3133|Nightlife:Cocktails/Mixology
5919|Nightlife:Pub
10492|Nightlife:Bar
801|Nightlife:Bar
5490|Nightlife:Bar
5347|Food:CoffeeShop
5344|Food:Café
10634|Home/Work/Other:Gym/Fitness:Gym
836|Parks&Outdoors:Plaza/Square
8673|Nightlife:Bar
5564|Food:Bakery
296|Home/Work/Other:Gym/Fitness:Track
5260|Food:Vegetarian/Vegan
10757|Food:CoffeeShop
193|Food:CoffeeShop
177|Travel:Airport:Terminal
249|Food:CoffeeShop
4765|Travel:Airport
2723|Travel:Airport:Terminal
1641|Travel:Airport
9387|Food:Café
5040|Food:Breakfast/Brunch
8030|Home/Work/Other:Corporate/Office:TechStartup
8721|Nightlife:Pub
3150|Arts&Entertainment:Other-Entertainment
3117|Food:Seafood
5943|Nightlife:Lounge
11014|Food:Sandwiches
7962|Food:Burgers
10182|Parks&Outdoors:SkatePark/Spot
11557|Food:Deli/Bodega
11560|Food:CoffeeShop
11562|Food:Café
707|Parks&Outdoors:Bridge
11849|Food:Tacos
11699|Food:BBQ
463|Arts&Entertainment:Other-Entertainment
5360|Arts&Entertainment:MusicVenue
3206|Food:American
11815|Nightlife:Bar
11962|Home/Work/Other:Corporate/Office
8582|Nightlife:Bar
627|Home/Work/Other:Corporate/Office:TechStartup
4653|Food:Sandwiches
12051|Food:Burritos
11173|Food:IceCream
2819|Food:CoffeeShop
3154|Travel:Hotel
8612|Nightlife:HotelBar
7770|Travel:TrainStation:Train
1927|Parks&Outdoors:Bridge
12479|Food:Mexican
7537|Arts&Entertainment:MovieTheater:Cineplex
12574|Nightlife:Pub
4308|Nightlife:Nightclub/Discotheque
323|Food:Asian
12492|Nightlife:Bar
656|Food:Bakery
4696|Shops:Technology
12600|Travel:Subway
7690|Nightlife:Cocktails/Mixology
10195|Food:FastFood
7590|Home/Work/Other:Gym/Fitness
12672|Nightlife:Bar
10510|Nightlife:SportsBar
7722|Food:Breakfast/Brunch
1121|Food:Pizza
13144|Travel:Hotel
12942|Arts&Entertainment:MovieTheater:Cineplex
733|Arts&Entertainment:MusicVenue:RockClub
5493|Travel:Hotel
5090|Nightlife:Bar
6544|Arts&Entertainment:Other-Entertainment
12975|Travel:Airport
12921|Nightlife:WineBar
12917|Food:HotDogs
3735|Food:CoffeeShop
12957|Parks&Outdoors:Playground
6346|Nightlife:Bar
12812|Food:Burgers
145|Food:Falafel
8146|Food:Brewery
7721|Home/Work/Other:Corporate/Office
12535|Nightlife:Bar
1664|Food:CoffeeShop
13329|Travel:TrainStation
624|Shops:Mall
1192|Food:CoffeeShop
1128|Travel:Airport
7321|Arts&Entertainment:MovieTheater:Cineplex
12564|Nightlife:Bar
1862|Food:Vegetarian/Vegan
13370|Food:HotDogs
4256|Nightlife:Bar
13580|Nightlife:Bar
6145|Home/Work/Other:Gym/Fitness:Gym
13724|Home/Work/Other:Corporate/Office
778|Food:American
901|Arts&Entertainment:Casino
2888|Arts&Entertainment:Casino
14458|Food:CoffeeShop
5077|Home/Work/Other:Corporate/Office
2559|Food:Breakfast/Brunch
14293|Food:Mexican
4257|Arts&Entertainment:MusicVenue:RockClub
14724|Travel:Airport
7159|Travel:Airport
14727|Travel:TrainStation
14730|Travel:TrainStation
14733|Shops:Technology
14539|Travel:Subway
14565|Travel:TrainStation
14566|Travel:TrainStation
949|Arts&Entertainment:Casino
12836|Food:TeaRoom
4293|Nightlife:Bar
15117|Home/Work/Other:Gym/Fitness:YogaStudio
15354|Travel:Highway/Traffic
15126|Parks&Outdoors:Park
15314|Travel:BusStation:Bus
860|Home/Work/Other:Corporate/Office:TechStartup
15350|Travel:TrainStation
15349|Travel:TrainStation:Train
4314|Nightlife:Bar
1888|Nightlife:Nightclub/Discotheque
14038|Food:CoffeeShop
15205|Travel:LightRail
1319|Food:Bakery
14386|Parks&Outdoors:Harbor/Marina
15179|Home/Work/Other:Corporate/Office
115|Travel:Airport
5268|Parks&Outdoors:BaseballField
15821|Travel:Subway
15603|Travel:TrainStation
15479|Food:Burritos
15605|Travel:TrainStation
15537|Travel:Subway
15703|Travel:LightRail
932|Home/Work/Other:Government
15634|Parks&Outdoors:Sculpture
11154|Home/Work/Other:Government:Monument/Landmark
6678|Travel:Hotel
8070|Food:Burritos
16170|Nightlife:Bar
73|Home/Work/Other:EventSpace
6724|Nightlife:Bar
6068|Food:MexicanRestaurants
14058|Homes-Work-Others:Offices:TechStartups
272|Travel:TrainStation
1125|Travel:TrainStation:Train
16234|Travel:BusStation
13576|Food:Pizza
10501|Nightlife:Bar
8700|Food:Spanish
8455|Food:Mexican
2452|Shops:Food&Drink:Grocery/Supermarket
16372|Food:FastFood
2182|Food:Burgers
16477|Travel:Subway
16478|Travel:Airport:Plane
4218|Travel:LightRail
968|Shops:Furniture/Home
16353|Shops:DepartmentStore
16354|Food:Burgers
16371|Home/Work/Other:Gym/Fitness:Gym
644|Arts&Entertainment:ArtGallery
16464|Parks&Outdoors:Park
6440|Food:CoffeeShop
16587|Travel:Subway
17664|Travel:TrainStation:Train
4519|Travel:LightRail
14389|Nightlife:Bar
1019|Travel:LightRail
919|Nightlife:Nightclub/Discotheque
650|Nightlife:WineBar
7860|Food:Breakfast/Brunch
17868|Food:American
17854|Home/Work/Other:Corporate/Office:Conferenceroom
5229|Food:CoffeeShop
17786|Food:Pizza
6574|Shops:Apparel:Women
12665|Nightlife:Bar
17416|Food:Bakery
8308|Travel:Hotel
13130|Food:TeaRoom
2482|Food:French
18193|Travel:Airport
6728|Nightlife:Bar
4982|Nightlife:Bar
18112|Shops:Apparel
459|Home/Work/Other:Corporate/Office
10444|Food:Pizza
3116|Food:French
17949|Nightlife:Bar
5426|Travel:Airport
18444|Shops:Apparel
6172|NightlifeSpots:Pubs
6493|Arts&Entertainment:MovieTheater:Cineplex
16026|Shops:DepartmentStore
18111|Home/Work/Other:Gym/Fitness:Track
6129|Food:TacoPlaces
18428|Food:Wings
8490|Food:Pizza
254|Food:Brewery
3121|Food:FoodTruck/StreetFood
18387|Travel:TrainStation:Train
18386|Travel:TrainStation
1296|Food:Gastropub
10528|Nightlife:Pub
18364|Nightlife:WineBar
8680|Nightlife:DiveBar
766|Parks&Outdoors:Park
11142|Nightlife:Karaoke
5916|Food:Asian
1300|Nightlife:Bar
698|Arts&Entertainment:MovieTheater
1223|Food:Vegetarian/Vegan
18582|Parks&Outdoors:Plaza/Square
6630|Arts&Entertainment:Arcade
729|Nightlife:Bar
18607|Home/Work/Other:Home
1674|Shops:Food&Drink:Farmer'sMarket
2958|Travel:Plane/In-flight
5945|Travel:Airport:Plane
18874|Food:CoffeeShop
18865|Travel:TrainStation:Train
1762|Travel:Subway
943|Home/Work/Other:EventSpace
18893|Home/Work/Other:Corporate/Office
14384|Nightlife:Bar
4288|Shops:Food&Drink:Grocery/Supermarket
19128|Food:Sandwiches
2400|Home/Work/Other:Gym/Fitness:Gym
16547|Travel:LightRail
19109|Nightlife:SportsBar
714|Nightlife:Pub
15331|Shops:DrugStore/Pharmacy
4315|Arts&Entertainment:MusicVenue:RockClub
1316|Food:Sandwiches
18986|Travel:Airport
15528|Arts&Entertainment:Casino
18996|Food:CoffeeShop
9142|Arts&Entertainment:Casino
19342|Shops:DepartmentStore
15526|Travel:Airport
13539|Food:CoffeeShop
20105|Nightlife:Bar
2169|Nightlife:Bar
612|Arts&Entertainment:Casino
20222|Travel:Hotel
20071|Parks&Outdoors:Park
20082|Shops:Bank/Financial
20094|Shops:DrugStore/Pharmacy
20070|Food:Pizza
1550|Food:Breakfast/Brunch
12401|Parks&Outdoors:Beach
5271|Food:Breakfast/Brunch
1222|Nightlife:Bar
13522|Nightlife:Bar
2620|Nightlife:Bar
12436|Parks&Outdoors:Park
818|Parks&Outdoors:Park
20316|Home/Work/Other:Home
2353|Parks&Outdoors:Park
20260|Home/Work/Other:Home
12056|Nightlife:Bar
14312|Nightlife:Bar
677|Nightlife:WhiskyBar
769|Food:Gastropub
2553|Food:Indian
638|Arts&Entertainment:MovieTheater:Cineplex
858|Nightlife:SportsBar
20514|Home/Work/Other:Corporate/Office
13548|Nightlife:Bar
10124|Parks&Outdoors:Park
20363|Shops:GasStation/Garage
1085|Parks&Outdoors:BaseballField
17653|Home/Work/Other:Corporate/Office
641|Parks&Outdoors:Park
1544|Food:CoffeeShop
6393|Arts&Entertainment:MovieTheater:Cineplex
4206|Food:Sandwiches
9590|Food:CoffeeShop
7697|Travel:Airport
20842|Home/Work/Other:Corporate/Office
21013|Home/Work/Other:Corporate/Office
8505|Nightlife:Bar
12518|Nightlife:Bar
4158|Food:American
2544|Nightlife:Lounge
13174|Home/Work/Other:Gym/Fitness:Gym
21625|Food:FoodTruck/StreetFood
551|Food:French
21560|Shops:Apparel
14417|Home/Work/Other:Gym/Fitness:Gym
626|Nightlife:DiveBar
21483|Nightlife:Nightclub/Discotheque
6233|Food:Pizza
8562|Nightlife:DiveBar
21253|Food:Sandwiches
6683|Home/Work/Other:Corporate/Office
21453|Food:Brewery
16242|Food:CoffeeShop
10603|Nightlife:Bar
8573|Food:Burgers
7859|Nightlife:Bar
11220|Food:Gastropub
21315|Travel:LightRail
15675|Food:CoffeeShop
21386|College&Education:AcademicBuilding
16249|Home/Work/Other:Corporate/Office
8329|Nightlife:Bar
21371|Home/Work/Other:Corporate/Office
8355|Parks&Outdoors:Park
1821|Food:TeaRoom
1285|Food:Breakfast/Brunch
2512|Food:Sandwiches
16449|Shops:Sports&Outdoors
2470|Food:Tacos
21788|Food:CoffeeShop
21784|Nightlife:Nightclub/Discotheque
3297|Food:Café
2236|Travel:Airport:Terminal
6718|Arts&Entertainment:Stadium
22280|Travel:Airport:FoodCourt
7965|Food:Chinese
23029|Travel:TrainStation
22826|Travel:LightRail
1156|Travel:Airport
8808|Travel:TrainStation
22811|Food:CoffeeShop
22853|Food:Bakery
22962|Travel:TrainStation
105|Nightlife:Cocktails/Mixology
20383|Nightlife:Karaoke
5350|Food:Cuban
22775|Nightlife:Bar
12002|Shops:Bank/Financial
5154|Parks&Outdoors:Other-Parks&Outdoor
18290|Food:Donuts
22885|Parks&Outdoors:Plaza/Square
3139|Parks&Outdoors:Park
4884|Food:American
4138|Arts&Entertainment:Museum:Art
12741|Arts&Entertainment:ComedyClub
10166|Parks&Outdoors:Plaza/Square
419|Arts&Entertainment:MovieTheater:Cineplex
9814|Parks&Outdoors:Plaza/Square
6693|Travel:Plane/In-flight
22522|Nightlife:SportsBar
2592|Nightlife:Lounge
22301|Home/Work/Other:Other-Buildings
9899|Shops:Food&Drink:Grocery/Supermarket
6169|Arts&Entertainment:Stadiums:FootballStadiums
6427|Nightlife:Bar
8591|Food:BBQ
6023|Arts&Entertainment:MovieTheaters
21397|Home/Work/Other:Corporate/Office
7488|Nightlife:Bar
7752|Home/Work/Other:Corporate/Office
11158|Home/Work/Other:Gym/Fitness:Gym
23371|Shops:Bank/Financial
6539|Travel:Hotel
23338|Food:Sandwiches
6193|Food:French
23475|Home/Work/Other:Other-Buildings
7996|Arts&Entertainment:MovieTheater:Cineplex
6476|Arts&Entertainment:Arcade
14169|Shops:DepartmentStore
9701|Shops:Mall
10031|Arts&Entertainment:MovieTheater
6632|Food:CoffeeShop
6627|Shops:Food&Drink:Farmer'sMarket
5607|Shops:Mall
7769|Food:Deli/Bodega
3296|Parks&Outdoors:Garden
21704|Parks&Outdoors:Cemetery
18566|Shops:Apparel
15045|Home/Work/Other:Gym/Fitness
24746|Home/Work/Other:Corporate/Office
25222|Parks&Outdoors:Plaza/Square
214|Shops:Other-Shopping
25139|Travel:TrainStation:Train
25140|Travel:TrainStation
24887|Travel:TrainStation
1297|Food:Mexican
11115|Arts&Entertainment:MusicVenue:RockClub
22695|Travel:TrainStation
4302|Nightlife:Brewery/Microbrewery
934|Travel:Subway
25902|Food:HotDogs
25901|Travel:TrainStation
25898|Food:Asian
13342|Shops:Food&Drink:Grocery/Supermarket
2334|Food:Vietnamese
26187|Travel:Subway
26388|Home/Work/Other:Corporate/Office
1806|Home/Work/Other:Corporate/Office
5066|Travel:Airport:Terminal
26403|Food:Donuts
26232|Nightlife:Bar
23262|Nightlife:Bar
15606|Home/Work/Other:Other-Buildings
26779|Travel:TrainStation:Train
26609|Travel:TrainStation
26568|Travel:TrainStation
26332|Food:Café
27254|Travel:TrainStation
16812|Travel:Airport
8784|Travel:BusStation
14418|Nightlife:Bar
17615|Home/Work/Other:Corporate/Office
7556|Shops:Mall
3430|Shops:Technology
16438|Travel:Subway
10544|Travel:TrainStation
27404|Parks&Outdoors:Plaza/Square
27405|Home/Work/Other:Corporate/Office
27403|Travel:Subway
1573|Food:Burgers
27545|Travel:TrainStation
3329|Arts&Entertainment:Museum:Science
8740|Home/Work/Other:Other-Buildings
3082|Travel:TrainStation
3081|Arts&Entertainment:Stadium
26975|Nightlife:Cocktails/Mixology
23452|Food:American
27894|College&Education:AcademicBuilding
27832|Food:CoffeeShop
27462|Travel:Subway
27473|Food:Sushi
1471|College&Education:AcademicBuilding
23444|Travel:Subway
1702|Parks&Outdoors:Plaza/Square
27606|Shops:DrugStore/Pharmacy
1570|Shops:Food&Drink:FoodCourt
1458|Shops:Technology
3381|Arts&Entertainment:MovieTheater:Cineplex
412|Food:Pizza
6124|Parks&Outdoors:Other-Parks&Outdoor
9078|Shops:DrugStore/Pharmacy
25422|Parks&Outdoors:Park
5437|Food:Southern/Soul
13735|Food:Bakery
28158|Shops:Food&Drink:Grocery/Supermarket
28469|Home/Work/Other:Corporate/Office
28605|College&Education:AcademicBuilding
1581|Food:CoffeeShop
1778|Food:CoffeeShop
1803|Shops:Food&Drink:Grocery/Supermarket
1929|Parks&Outdoors:Park
2516|Food:Pizza
28742|Food:IceCream
7545|Travel:Airport
28476|Home/Work/Other:Gym/Fitness:Gym
21807|Travel:TrainStation:Train
29009|Food:CoffeeShop
29038|Shops:Apparel
26921|Travel:Subway
29385|Shops:Apparel
29146|Parks&Outdoors:DogRun
14099|TravelSpots:Airports
17699|Nightlife:Cocktails/Mixology
23007|Food:CoffeeShop
29186|Food:CoffeeShops
8356|Parks&Outdoors:Park
10591|Food:German
29193|Shops:Apparel:Shoes
16230|Shops:Apparel
29266|Nightlife:WineBar
29319|Shops:DrugStore/Pharmacy
28510|College&Education:Gym/Fitness
9316|Food:Caribbean
10109|Food:Seafood
7271|Shops:Beauty/Cosmetic
29616|Parks&Outdoors:Plaza/Square
2348|Food:CoffeeShop
697|Home/Work/Other:Corporate/Office
5299|Food:Sandwiches
29706|Travel:TrainStation
29704|Travel:TrainStation
1081|Food:CoffeeShop
29732|Uncategorized
792|Food:Breakfast/Brunch
20209|Shops:PostOffice
20253|Shops:Furniture/Home
20104|Food:CoffeeShop
4979|Nightlife:Bar
30743|Arts&Entertainment:MusicVenue:RockClub
12476|Nightlife:Bar
5613|Food:Asian
30634|Travel:TrainStation
29971|Home/Work/Other:Other-Buildings
17590|Shops:DepartmentStore
6492|Nightlife:MusicVenue:RockClub
30670|Nightlife:Bar
8344|Shops:Food&Drink:Grocery/Supermarket
26306|Shops:Apparel
6541|Food:French
12225|Food:CoffeeShop
30657|Parks&Outdoors:Park
13202|Food:Sandwiches
20206|Shops:Food&Drink:Grocery/Supermarket
29988|Home/Work/Other:Corporate/Office
13555|Food:FastFood
30081|Arts&Entertainment:Stadium:Baseball
3146|Food:CoffeeShop
7750|Food:Burgers
29955|Arts&Entertainment:Other-Entertainment
30210|Travel:Airport
30232|Travel:Highway/Traffic
20185|Food:Bakery
30270|Home/Work/Other:Home
30272|Home/Work/Other:Other-Buildings
22716|Shops:DrugStore/Pharmacy
2347|Food:Café
31313|Travel:Airport:Terminal
1739|Home/Work/Other:Corporate/Office:TechStartup
1218|Food:Vietnamese
8412|Food:Vietnamese
20621|Food:FoodTruck/StreetFood
21627|Food:Australian
22380|College&Education:Gym/Fitness
580|Food:Mexican
23424|Nightlife:Bar
31833|Home/Work/Other:Corporate/Office
18211|Food:Burgers
25614|Food:Tapas
32841|Food:Burritos
4890|Nightlife:Cocktails/Mixology
32857|Nightlife:Bar
3140|Parks&Outdoors:Park
33985|Food:CoffeeShop
33801|Food:Café
24816|Home/Work/Other:Government:Monument/Landmark
10895|Travel:Subway
34948|Home/Work/Other:Government:Monument/Landmark
35058|Travel:Subway
24841|Travel:TrainStation:Train
34991|Travel:TrainStation:Train
10898|Travel:TrainStation
7735|Parks&Outdoors:Park
35834|Travel:TrainStation
5263|Parks&Outdoors:Other-Parks&Outdoor
2111|Shops:Food&Drink:Grocery/Supermarket
36330|Arts&Entertainment:PerformingArts:Theater
6134|Nightlife:Bar
36243|Nightlife:Bar
4171|Food:American
10221|College&Education:Library
10485|Food:CoffeeShop
8362|Nightlife:Bar
4990|Nightlife:Bar
21953|Food:Café
28998|Shops:Food&Drink:Grocery/Supermarket
35973|Shops:DrugStore/Pharmacy
23436|Shops:Design
14363|Food:Other-Food
754|Travel:Boat/Ferry
5879|Food:Seafood
37383|Travel:Subway
8157|Parks&Outdoors:Park
37072|Food:Deli/Bodega
17671|Shops:Technology
37389|Shops:Mall
37410|Shops:DepartmentStore
16260|Shops:Food&Drink:Grocery/Supermarket
12747|Travel:Boat/Ferry
16343|Shops:Food&Drink:Grocery/Supermarket
37273|Nightlife:Bar
5586|Parks&Outdoors:BaseballField
5933|Arts&Entertainment:Other-Entertainment
10530|Nightlife:Karaoke
7419|Home/Work/Other:Government
37883|Travel:TrainStation:Train
38132|Food:Scandinavian
38103|Home/Work/Other:Corporate/Office
38146|Travel:BusStation
38125|Travel:Subway
38138|Travel:Subway
38139|Travel:Subway
38128|Shops:DepartmentStore
39264|Arts&Entertainment:PerformingArts:Theater
39864|Home/Work/Other:Other-Buildings
13685|Shops:Food&Drink:Grocery/Supermarket
13659|Food:Burgers
2926|Arts&Entertainment:Stadium
13774|Arts&Entertainment:Stadium
12487|Food:CoffeeShop
39908|College&Education:AcademicBuilding
14268|Arts&Entertainment:Stadium:Football
21535|Home/Work/Other:Gym/Fitness:Gym
10046|Arts&Entertainment:MovieTheater
40274|Travel:Subway
23599|Arts&Entertainment:MusicVenue:RockClub
40264|Shops:Technology
40368|Food:CoffeeShop
31643|Travel:Airport:Terminal
6120|Travel:Airport
6659|Parks&Outdoors:Park
14388|Parks&Outdoors:Beach
12563|Food:Italian
40773|Food:TeaRoom
28682|Travel:Airport
8291|Food:Burgers
2054|Arts&Entertainment:ThemePark
13056|Home/Work/Other:ConventionCenter:MeetingRoom
785|Food:CoffeeShop
21771|Shops:Bikeshop
42384|Home/Work/Other:Corporate/Office
42348|Travel:TrainStation
42313|Home/Work/Other:Corporate/Office
42358|Travel:TrainStation:Train
42539|Home/Work/Other:Corporate/Office:CoworkingSpace
21451|Home/Work/Other:Corporate/Office
42555|Home/Work/Other:Corporate/Office
4876|Food:HotDogs
18928|Food:Donuts
5583|Food:Mexican
43520|Travel:TrainStation
5639|Travel:TrainStation
43322|Home/Work/Other:Corporate/Office
12596|Nightlife:Lounge
15854|Food:American
44777|Shops:Food&Drink:Grocery/Supermarket
15794|Travel:Subway
31823|Food:Café
21450|Food:Breakfast/Brunch
45269|Shops:Food&Drink:Grocery/Supermarket
18612|Shops:Beauty/Cosmetic
25542|Nightlife:Pub
45832|Travel:Boat/Ferry
34320|Travel:Airport
46071|Homes-Work-Others:Offices
28464|Home/Work/Other:Gym/Fitness:YogaStudio
1325|Nightlife:Bar
6429|Nightlife:Lounge
4233|Nightlife:Nightclub/Discotheque
3127|Food:CoffeeShop
3153|Nightlife:Bar
32924|Nightlife:Cocktails/Mixology
34059|Food:FastFood
26089|Food:FastFood
48305|Home/Work/Other:School
554|Food:Pizza
266|Food:Café
13364|Shops:Bookstore
48309|Food:CoffeeShop
2894|Home/Work/Other:Gym/Fitness:Gym
48412|Home/Work/Other:Corporate/Office
24863|Travel:TrainStation
334|Travel:TrainStation
48778|Home/Work/Other:Corporate/Office
47852|Travel:Airport
49742|Home/Work/Other:Home
49577|Home/Work/Other:Gym/Fitness:Gym
49597|Travel:Subway
49580|Travel:Subway
15598|Travel:Subway
49752|Nightlife:Cocktails/Mixology
13304|Nightlife:BeerGarden
49576|Home/Work/Other:Home
11126|Nightlife:Bar
50255|Home/Work/Other:Corporate/Office:CoworkingSpace
7268|Food:CoffeeShop
16275|Nightlife:Bar
5003|Parks&Outdoors:Park
7913|Food:American
51637|Uncategorized
51922|Home/Work/Other:Corporate/Office
21803|Food:Sandwiches
52779|Travel:TrainStation
52781|Arts&Entertainment:Other-Entertainment
52776|Home/Work/Other:Other-Buildings
14689|Shops:Mall
1336|Travel:LightRail
53182|Home/Work/Other:ConventionCenter
53613|Food:Bagels
53787|Arts&Entertainment:Other-Entertainment
6828|Travel:TrainStation
34593|Travel:Subway
54639|Food:CoffeeShop
4529|Travel:Highway/Traffic
54773|Travel:Taxi
46831|Nightlife:Nightclub/Discotheque
23004|Home/Work/Other:Corporate/Office
7512|Food:Café
55272|Arts&Entertainment:ThemePark
37360|Travel:LightRail
32959|Arts&Entertainment:Museum
56568|Travel:LightRail
6612|Food:Bakery
938|Travel:Subway
56706|Travel:Subway
48365|Travel:Airport
8907|Arts&Entertainment:Museum:Art
57361|GreatOutdoors:Plazas
57360|Home/Work/Other:Government:CityHall
8928|Home/Work/Other:Corporate/Office:CoworkingSpace
13230|Parks&Outdoors:Beach
2101|Home/Work/Other:Corporate/Office
15037|Home/Work/Other:Corporate/Office:Cafeteria
8761|Shops:Technology
8660|Nightlife:Bar
9423|Travel:Subway
35109|Home/Work/Other:Government:Monument/Landmark
24926|Travel:LightRail
58166|Home/Work/Other:Corporate/Office:TechStartup
35067|Home/Work/Other:Corporate/Office
56926|Travel:Airport
50543|Travel:Airport
58185|Travel:LightRail
52100|Food:Snacks
58448|Home/Work/Other:Corporate/Office
58427|Travel:TrainStation
58428|Travel:TrainStation
45953|Travel:Subway
25151|Food:French
52093|Travel:TrainStation
58558|Travel:Subway
58439|Food:Café
58531|Nightlife:Nightclub/Discotheque
52145|Travel:TrainStation
58460|Travel:TrainStation
41901|Travel:TrainStation
58975|Home/Work/Other:Corporate/Office
58976|Food:FoodCourt
59028|Home/Work/Other:Corporate/Office:CoworkingSpace
2318|Parks&Outdoors:Plaza/Square
59422|Travel:TrainStation
59517|Home/Work/Other:Corporate/Office:CoworkingSpace
59462|Shops:Other-Shopping
59411|Travel:TrainStation:Train
1374|TravelSpots:Airports
26650|Travel:TrainStation
59840|Home/Work/Other:Corporate/Office
1065|Travel:Airport:Plane
60134|Home/Work/Other:Home
2048|Parks&Outdoors:Bridge
61129|Parks&Outdoors:Other-Parks&Outdoor
6607|Shops:Food&Drink:Grocery/Supermarket
16250|Nightlife:Bar
31668|Home/Work/Other:Home
61594|Nightlife:SportsBar
61944|Shops:DrugStore/Pharmacy
1356|Uncategorized
36031|Uncategorized
12497|Nightlife:Bar
63020|Food:CoffeeShop
63012|Uncategorized
52069|College&Education:Bookstore
62996|Travel:Subway
7375|Food:FastFood
46899|Uncategorized
63039|Travel:Subway
63042|Arts&Entertainment:MovieTheater
63073|Travel:Highway/Traffic
47626|Nightlife:Karaoke
54770|Travel:Highway/Traffic
35241|Food:Pizza
63115|Travel:LightRail
41539|Food:Burgers
52062|Arts&Entertainment:MovieTheater
16999|Food:Breakfast/Brunch
63579|GreatOutdoors:Plazas
13923|Shops:Mall
13910|Shops:DepartmentStore
64307|Travel:TrainStation:Train
52132|Travel:TrainStation
64308|Travel:TrainStation
64309|Travel:TrainStation:Train
64333|Travel:TrainStation:Train
64658|Home/Work/Other:Home
64894|Nightlife:BeerGarden
16297|Home/Work/Other:Corporate/Office:CoworkingSpace
65268|Uncategorized
65784|Uncategorized
36288|Uncategorized
65809|Travel:TrainStation
65676|Homes-Work-Others:Offices
26257|Nightlife:GayBar
17944|Nightlife:Bar
66793|TravelSpots:BoatsorFerries
23103|Shops:Mall
28206|Shops:Bikeshop
67554|Home/Work/Other:Home
4238|Arts&Entertainment:MusicVenue:RockClub
4188|Nightlife:MusicVenue
21783|Nightlife:Nightclub/Discotheque
67448|Home/Work/Other:Corporate/Office
57646|Nightlife:Bar
51997|Travel:BusStation
67616|Uncategorized
23142|Nightlife:Bar
5480|Food:Asian
18330|Food:Breakfast/Brunch
21679|Food:Café
17669|Home/Work/Other:Gym/Fitness:Gym
15616|Travel:TrainStation
851|Nightlife:Lounge
3157|Food:American
30603|Food:CoffeeShop
69751|Travel:Highway/Traffic
69777|Travel:Airport
69775|Travel:TrainStation
41704|Travel:TrainStation:Train
69770|Travel:TrainStation:Train
69771|Shops:Hardware
52200|Travel:Subway
21426|Food:Desserts
4971|Food:American
69991|Travel:TrainStation:Train
6147|Food:Burgers
69970|Food:Sandwiches
70211|Home/Work/Other:Home
70536|Travel:Subway
70215|TravelSpots:Subways
4458|Travel:TrainStation
4766|Travel:TrainStation
4769|Home/Work/Other:Other-Buildings
12597|Food:Breakfast/Brunch
51373|Travel:Subway
70669|Home/Work/Other:Corporate/Office
70212|Homes-Work-Others:Buildings
25189|Travel:Airport
25193|Travel:Airport
70572|Parks&Outdoors:Plaza/Square
70581|Home/Work/Other:Corporate/Office
4489|Travel:TrainStation
53816|Shops:DepartmentStore
10768|Food:FastFood
4429|Travel:Subway
43386|Travel:Subway
10296|Food:Ramen/Noodles
43418|Shops:Food&Drink:Grocery/Supermarket
4387|Parks&Outdoors:Park
70244|Parks&Outdoors:Plaza/Square
5853|Travel:Subway
43522|Travel:TrainStation
10776|Food:Sandwiches
70345|Home/Work/Other:Government:Monument/Landmark
16244|Uncategorized
70888|Food:Pizza
71428|Nightlife:Brewery/Microbrewery
71075|Food:CoffeeShop
2807|Food:CoffeeShop
37397|Parks&Outdoors:Harbor/Marina
17939|Food:FastFood
3998|Home/Work/Other:Gym/Fitness:Gym
2453|Food:CoffeeShop
71450|Nightlife:Pub
65580|Shops:DepartmentStore
71505|Nightlife:MusicVenue
7663|Shops:DrugStore/Pharmacy
4251|Food:Tacos
14485|Nightlife:Bar
71548|Nightlife:Bar
71516|Arts&Entertainment:MusicVenue:RockClub
48970|Food:Mexican
73701|Travel:LightRail
73702|Shops:Mall
73506|Home/Work/Other:Corporate/Office:TechStartup
73471|Nightlife:WineBar
30187|Shops:Food&Drink:Grocery/Supermarket
8786|Parks&Outdoors:Plaza/Square
50632|Home/Work/Other:Other-Buildings
45635|Travel:Airport:Terminal
2130|Travel:Airport
74855|Home/Work/Other:Corporate/Office
74848|Home/Work/Other:Home
74979|Food:Deli/Bodega
12318|Travel:Subway
25353|Food:Café
12655|Home/Work/Other:Corporate/Office:TechStartup
27191|Shops:Food&Drink:Grocery/Supermarket
38090|Food:CoffeeShop
11665|Arts&Entertainment:ThemePark
42183|Shops:Mall
5604|Food:Bakery
76178|Home/Work/Other:Corporate/Office
6598|Arts&Entertainment:MusicVenue
45710|Food:CoffeeShop
32925|Food:Sandwiches
67033|Food:Deli/Bodega
5922|Shops:DepartmentStore
76383|Food:Sandwiches
72380|Shops:Food&Drink:Deli/Bodega
41710|Parks&Outdoors:Park
76282|Travel:Subway
78294|Parks&Outdoors:Beach
13829|Arts&Entertainment:Stadiums:BaseballStadiums
6871|Nightlife:WineBar
7969|Nightlife:Pub
3007|Shops:GasStation/Garage
4605|Food:Sandwiches
5279|Shops:Furniture/Home
69979|Shops:Food&Drink:Grocery/Supermarket
13245|Nightlife:BeerGarden
7152|Travel:Airport:Gate
79882|Travel:TrainStation:Train
79877|Home/Work/Other:Corporate/Office:TechStartup
79879|Food:CoffeeShop
81342|Travel:TrainStation:Train
81146|College&Education:Dorm
21382|Food:Bagels
2369|Food:CoffeeShop
82252|Home/Work/Other:Corporate/Office
82405|Home/Work/Other:Corporate/Office
13166|Food:FoodTruck/StreetFood
7712|Home/Work/Other:Gym/Fitness:Gym
18391|Nightlife:WhiskyBar
6119|TravelSpots:Airports
84518|Travel:LightRail
84527|Travel:TrainStation
84524|Home/Work/Other:Corporate/Office
84570|Shops:Other-Shopping
84695|Shops:DepartmentStore
73972|Food:Sandwiches
53746|Shops:VideoGames
84764|Home/Work/Other:Home
85000|Parks&Outdoors:Sculpture
14543|Shops:GasStation/Garage
85389|Travel:Highway/Traffic
40542|Food:FastFood
41537|Shops:Food&Drink:Grocery/Supermarket
5563|Food:American
17794|Home/Work/Other:Corporate/Office
90|Travel:Airport
86567|Food:CoffeeShop
43403|Travel:TrainStation
58566|Travel:TrainStation:Train
87061|Home/Work/Other:Home
87249|Travel:TrainStation:Train
64502|Travel:TrainStation
7143|Travel:Airport:Gate
87138|Travel:TrainStation
58472|Food:CoffeeShop
87805|Home/Work/Other:Corporate/Office
58573|Home/Work/Other:ConventionCenter:MeetingRoom
44267|Travel:TrainStation:Train
49312|Travel:Subway
89096|College&Education:University
8149|Nightlife:BeerGarden
4469|Food:TeaRoom
90956|Travel:Subway
91167|Home/Work/Other:Corporate/Office
4755|Home/Work/Other:Government:Monument/Landmark
70644|Home/Work/Other:Corporate/Office
91327|Home/Work/Other:Corporate/Office
10771|Shops:Technology
92063|Home/Work/Other:Corporate/Office
91904|Home/Work/Other:Corporate/Office
91625|Home/Work/Other:Government:Monument/Landmark
52902|Nightlife:Pub
52856|Travel:Airport
91788|Travel:TrainStation
91785|Home/Work/Other:Corporate/Office
91784|Home/Work/Other:Corporate/Office
44301|Travel:TrainStation
91646|Travel:TrainStation:Train
6830|Home/Work/Other:Corporate/Office
91271|Uncategorized
49346|Food:Café
8647|Nightlife:Pub
16227|Nightlife:Bar
92515|Nightlife:Bar
3330|Travel:TrainStation
3156|Nightlife:Bar
6703|Food:Breakfast/Brunch
35356|Parks&Outdoors:Beach
37469|Travel:Subway
7957|Travel:TrainStation
93668|Travel:Subway
16939|Food:American
93986|Shops:Food&Drink:Grocery/Supermarket
94027|Home/Work/Other:Home
94526|Shops:HighTechOutlets
31502|Food:American
96643|Travel:TrainStation
88392|Home/Work/Other:Corporate/Office:CoworkingSpace
27980|Shops:Food&Drink:Grocery/Supermarket
28997|Home/Work/Other:Gym/Fitness:Gym
1023|Shops:Mall
2726|Travel:Airport
92031|Travel:TrainStation
97979|Shops:Food&Drink:Grocery/Supermarket
97959|Parks&Outdoors:Other-Parks&Outdoor
11847|Food:CoffeeShop
98064|Travel:Highway/Traffic
98317|Food:Sandwiches
19102|Food:CoffeeShop
98315|Shops:DrugStore/Pharmacy
4589|Shops:DepartmentStore
99203|Home/Work/Other:Corporate/Office
23061|Food:TeaRoom
23001|Travel:LightRail
99996|Travel:TrainStation:Train
100160|Home/Work/Other:Home
25608|Nightlife:Bar
100184|Food:CoffeeShop
5923|Food:Cupcakes
100197|Travel:Subway
100294|Home/Work/Other:Corporate/Office
100295|Home/Work/Other:Gym/Fitness:Gym
97910|Nightlife:DiveBar
5970|Food:Breakfast/Brunch
47908|Arts&Entertainment:MusicVenue:RockClub
73291|Nightlife:Bar
12086|Food:American
102460|Nightlife:Bar
102417|Home/Work/Other:Home
3176|Food:American
18561|Travel:TrainStation:Train
64384|Travel:TrainStation:Train
23410|Home/Work/Other:Corporate/Office
39218|Travel:TrainStation:Train
58321|Home/Work/Other:Corporate/Office
17840|Shops:Food&Drink:Grocery/Supermarket
104533|Shops:Design
11651|Shops:Mall
104406|Home/Work/Other:Home
8130|Shops:Technology
104588|Home/Work/Other:Other-Buildings
104594|Uncategorized
781|Shops:Mall
104586|Shops:Food&Drink:Grocery/Supermarket
56629|Travel:LightRail
106087|Home/Work/Other:Corporate/Office
41851|Parks&Outdoors:Plaza/Square
12726|Travel:Airport
4863|Travel:Airport
39892|Arts&Entertainment:Other-Entertainment
23568|Food:IceCream
22444|Shops:Food&Drink:Grocery/Supermarket
106874|Shops:Food&Drink:Grocery/Supermarket
107398|Travel:TrainStation
92192|Travel:TrainStation
11232|Travel:TrainStation
108308|Travel:Subway
63356|Uncategorized
108607|Parks&Outdoors:ScenicLookout
32847|Travel:Airport:Gate
17898|Home/Work/Other:Gym/Fitness:Gym
27953|Arts&Entertainment:Stadium:Football
11817|Arts&Entertainment:Stadium
29463|Home/Work/Other:Home
63152|Food:Café
14774|Travel:TrainStation
47025|Uncategorized
14814|Travel:TrainStation
14793|Shops:Mall
47171|Travel:TrainStation
112640|Travel:TrainStation
113039|Uncategorized
113033|Uncategorized
17678|Food:Vegetarian/Vegan
113062|Home/Work/Other:Home
24047|Shops:Technology
1018|Food:CoffeeShop
5285|Parks&Outdoors:Park
114532|Homes-Work-Others:Homes
115064|Food:FoodCourt
115062|Colleges&Universities:CollegeAcademicBuildings
70882|College&Education:Stadium:Basketball
115052|Food:CoffeeShop
115101|College&Education:Quad/Commons
115508|Travel:Subway
15485|Food:Sandwiches
115061|Colleges&Universities:CollegeAcademicBuildings:CollegeTechnologyBuildings
32006|Shops:Food&Drink:Grocery/Supermarket
115238|College&Education:AcademicBuilding:Science
116789|Travel:Highway/Traffic
15970|Food:American
54431|Parks&Outdoors:Bridge
117655|Homes-Work-Others:Offices:CoworkingSpaces
50401|Food:CoffeeShop
117628|Uncategorized
14020|Shops:Food&Drink:Grocery/Supermarket
426|Arts&Entertainment:MusicVenue:RockClub
119498|Food:CoffeeShop
119455|Home/Work/Other:Corporate/Office:Conferenceroom
40688|Home/Work/Other:Corporate/Office:TechStartup
8790|Shops:Food&Drink:Grocery/Supermarket
119678|Home/Work/Other:Corporate/Office
120530|Food:CoffeeShop
49970|Home/Work/Other:Corporate/Office
48639|Arts&Entertainment:MovieTheater:Cineplex
51975|Travel:BusStation
121395|Shops:Food&Drink:Grocery/Supermarket
17658|Travel:Subway
835|College&Education:University
121700|Food:CoffeeShop
39714|Nightlife:Bar
15491|Arts&Entertainment:Stadium
122256|Parks&Outdoors:Park
17676|Parks&Outdoors:Playground
122399|Home/Work/Other:Corporate/Office
15595|Nightlife:BeerGarden
17791|Home/Work/Other:Corporate/Office
5339|Food:Café
51880|Nightlife:Bar
6754|Shops:Food&Drink
10820|Travel:Airport
15869|Travel:Airport
81213|Food:AfricanRestaurants
123217|Travel:TrainStation
43084|Food:CoffeeShop
47342|Shops:Food&Drink:Grocery/Supermarket
6530|Food:American
36350|Nightlife:Lounge
97018|Home/Work/Other:Corporate/Office
5289|Parks&Outdoors:Park
21341|Food:Sandwiches
34449|Shops:Bank/Financial
14493|Home/Work/Other:Corporate/Office
34435|Nightlife:Pub
125242|Food:CoffeeShop
6651|Shops:Food&Drink:Grocery/Supermarket
125836|Home/Work/Other:Home
125607|Home/Work/Other:Corporate/Office
125600|Home/Work/Other:Other-Buildings
14436|Food:Italian
110682|Parks&Outdoors:BasketballCourt
2030|Home/Work/Other:ConventionCenter
126267|Home/Work/Other:Corporate/Office:TechStartup
6964|Travel:Airport:Gate
6954|Travel:Airport:Terminal
126498|Shops:Mall
13033|Food:LatinAmerican
21066|Home/Work/Other:Corporate/Office
65254|Nightlife:Speakeasy/SecretSpot
127197|Home/Work/Other:Other-Buildings
128520|Home/Work/Other:Corporate/Office
53127|Food:CoffeeShop
53136|Food:CoffeeShop
2551|Home/Work/Other:Corporate/Office:TechStartup
129662|Travel:Subway
130343|Home/Work/Other:Home
130325|Parks&Outdoors:Beach
81874|Travel:TrainStation
130960|Travel:TrainStation
69750|College&Education:AcademicBuilding
89929|Travel:TrainStation:Train
52327|Travel:TrainStation
131008|Food:Café
130989|Travel:TrainStation
69758|Travel:TrainStation
130982|Travel:TrainStation
130969|Travel:TrainStation:Train
130972|Shops:Technology
130978|Travel:TrainStation:Train
131206|Travel:BusStation:Bus
131069|Home/Work/Other:Home
102968|Parks&Outdoors:Park
45931|Nightlife:Nightclub/Discotheque
131152|Travel:TrainStation
131150|Shops:Food&Drink:Grocery/Supermarket
64462|Travel:TrainStation:Train
131266|Travel:TrainStation:Train
131566|Food:Pizza
131692|Home/Work/Other:Other-Buildings
132245|Food:CoffeeShop
13393|Food:CoffeeShop
132260|Home/Work/Other:Religious
35088|Food:CoffeeShop
55625|Travel:TrainStation
132934|Uncategorized
51787|Shops:GasStation/Garage
62148|Uncategorized
69086|Travel:TrainStation
134581|Home/Work/Other:Home
135647|Travel:Subway
40292|Shops:Mall
92209|Food:Sandwiches
136763|Travel:Subway
33093|Shops:GasStation/Garage
137494|TravelSpots:Hotels
137631|Home/Work/Other:Corporate/Office
140030|Home/Work/Other:Home
4883|Nightlife:Bar
30663|Arts&Entertainment:MusicVenue
2557|Nightlife:Bar
28092|Shops:Food&Drink:Grocery/Supermarket
52228|Shops:Food&Drink:Grocery/Supermarket
8443|Home/Work/Other:Gym/Fitness:Track
15660|Food:Wings
30666|Nightlife:DiveBar
145801|Home/Work/Other:Corporate/Office
145799|Food:CoffeeShop
145793|Travel:TrainStation
41706|Home/Work/Other:Corporate/Office
7716|Home/Work/Other:Corporate/Office
8460|Food:NewAmerican
146049|Home/Work/Other:Home
50990|Food:Pizza
71556|Food:Other-Food
51890|Food:Breakfast/Brunch
37587|Uncategorized
23793|Shops:Food&Drink
9911|Nightlife:Lounge
47397|Food:CoffeeShop
54628|Nightlife:Speakeasy/SecretSpot
9256|Nightlife:Bar
149153|Food:Café
150262|Travel:TrainStation
150140|Home/Work/Other:Home
150134|Home/Work/Other:Home
150147|Travel:Hotel
57706|Home/Work/Other:Corporate/Office
10903|Food:Steakhouse
81260|Travel:TrainStation
94417|Travel:TrainStation
23592|Food:CoffeeShop
47507|Shops:Food&Drink:LiquorStore
60778|Food:FastFood
151423|Home/Work/Other:Corporate/Office
135816|Shops:Mall
47446|Shops:Other-Shopping
151543|Shops:Design
151469|Home/Work/Other:Corporate/Office:Conferenceroom
151886|Home/Work/Other:Home
14492|Arts&Entertainment:Stadium:Baseball
12824|Food:American
13229|Food:Café
33591|Food:Café
60766|Food:CoffeeShop
153546|Parks&Outdoors:Park
153678|Travel:TrainStation
153672|Food:CoffeeShop
12580|Shops:Food&Drink:Gourmet
5326|Food:Bagels
23593|Arts&Entertainment:MusicVenue:RockClub
44652|Home/Work/Other:Other-Buildings
156270|College&Education:University
31453|Food:CoffeeShop
12011|Home/Work/Other:Corporate/Office:TechStartup
59867|Shops:Food&Drink:Grocery/Supermarket
157981|Home/Work/Other:Home
158448|Travel:TrainStation:Train
15570|Food:CoffeeShop
159119|Home/Work/Other:Corporate/Office
53988|Parks&Outdoors:Plaza/Square
159719|Home/Work/Other:Other-Buildings
159688|Home/Work/Other:Corporate/Office
50973|Food:Breakfast/Brunch
71879|Nightlife:Bar
14470|Home/Work/Other:Gym/Fitness:Gym
71693|Food:Japanese
3131|Home/Work/Other:Gym/Fitness:Gym
29893|Food:Bagels
23174|Food:LatinAmerican
5291|Home/Work/Other:Gym/Fitness:Gym
160910|Food:Sushi
8144|Food:Deli/Bodega
47568|Shops:Food&Drink:Grocery/Supermarket
37268|Parks&Outdoors:Bridge
384|Food:NewAmerican
45663|Food:Deli/Bodega
7577|Food:Sandwiches
410|Travel:Hotel
101608|Travel:TrainStation:Train
7254|Nightlife:Cocktails/Mixology
5308|Food:CoffeeShop
11926|Home/Work/Other:Corporate/Office
162396|Home/Work/Other:Corporate/Office
102504|Nightlife:Bar
23140|Nightlife:Nightclub/Discotheque
22309|Food:FoodTruck/StreetFood
32921|Food:Tacos
41250|Uncategorized
10531|Nightlife:Bar
26215|Nightlife:Bar
163744|Food:Other-Food
7274|Arts&Entertainment:Stadium
45804|Parks&Outdoors:Park
23227|Food:Korean
155596|Home/Work/Other:Government:CapitalBuilding
19064|Nightlife:Bar
13071|Home/Work/Other:Corporate/Office
12536|Nightlife:Pub
20374|Home/Work/Other:Other-Buildings
32888|Travel:Airport
132431|Home/Work/Other:Corporate/Office
44087|Shops:Food&Drink:Grocery/Supermarket
165760|Uncategorized
18596|Nightlife:GayBar
17979|College&Education:AcademicBuilding
11050|Nightlife:Bar
167701|Home/Work/Other:Corporate/Office
167783|Home/Work/Other:Corporate/Office
168007|Home/Work/Other:Corporate/Office
21243|Home/Work/Other:Corporate/Office
10519|Nightlife:Bar
36336|Nightlife:Bar
20265|Home/Work/Other:Home
37415|Nightlife:Bar
21236|Travel:Subway
123170|Nightlife:SakeBar
170410|Home/Work/Other:Corporate/Office
170489|Home/Work/Other:Corporate/Office
10659|Home/Work/Other:Corporate/Office
5334|Food:CoffeeShop
170800|Travel:TrainStation
62873|Home/Work/Other:Corporate/Office
7764|Food:CoffeeShop
160091|Home/Work/Other:Corporate/Office
56702|Travel:Subway
33740|Food:CoffeeShop
172899|Travel:TrainStation:Train
4332|Travel:TrainStation
11942|Home/Work/Other:Gym/Fitness:Gym
7739|Home/Work/Other:Corporate/Office
174367|Uncategorized
17730|Home/Work/Other:Corporate/Office
25707|Home/Work/Other:Corporate/Office
8506|Home/Work/Other:Corporate/Office
177440|Home/Work/Other:Corporate/Office:CoworkingSpace
177734|Home/Work/Other:Corporate/Office
177736|Home/Work/Other:Home
5250|Home/Work/Other:Corporate/Office
178319|Uncategorized
178281|Home/Work/Other:Home
5839|Nightlife:Bar
102465|Home/Work/Other:Corporate/Office
178196|Uncategorized
7704|Home/Work/Other:Corporate/Office
126915|Home/Work/Other:Corporate/Office
47539|Food:CoffeeShop
179281|Home/Work/Other:Corporate/Office
14297|Food:American
179994|Travel:Subway
91962|Home/Work/Other:Corporate/Office:CoworkingSpace
7970|Home/Work/Other:Corporate/Office
107568|Shops:Food&Drink:Grocery/Supermarket
8221|Food:CoffeeShop
181603|Home/Work/Other:Corporate/Office
13619|Shops:GasStation/Garage
31928|Home/Work/Other:Corporate/Office
5571|Home/Work/Other:Gym/Fitness:Gym
8301|Food:Sandwiches
183524|Arts&Entertainment:Arcade
13972|Nightlife:Bar
95686|Travel:Subway
31334|Home/Work/Other:Corporate/Office:TechStartup
5328|Food:CoffeeShop
185652|Home/Work/Other:Other-Buildings
144264|Travel:Subway
184808|Food:Sandwiches
170671|Food:CoffeeShop
182265|Food:CoffeeShop
17755|Food:Café
186317|Home/Work/Other:Corporate/Office
78425|Shops:DrugStore/Pharmacy
186650|College&Education:StudentCenter
186662|Nightlife:Other-Nightlife
187020|Uncategorized
187006|Home/Work/Other:Home
52077|Home/Work/Other:Other-Buildings
5368|Travel:Airport
34920|Travel:TrainStation
188165|Home/Work/Other:Corporate/Office:Cafeteria
189136|Home/Work/Other:Home
70154|Nightlife:Bar
189375|Home/Work/Other:Corporate/Office
8702|Food:FoodTruck/StreetFood
190659|Travel:Highway/Traffic
112429|Travel:Subway
112386|Food:Asian
190467|Parks&Outdoors:Lake/Pond
44098|Food:CoffeeShop
145984|Nightlife:GayBar
191704|Home/Work/Other:Home
192072|College&Education:University
192630|Home/Work/Other:Home
192633|Home/Work/Other:Corporate/Office:CoworkingSpace
8501|Shops:Sports&Outdoors
78367|Food:CoffeeShop
193984|Home/Work/Other:Corporate/Office
194009|Home/Work/Other:Gym/Fitness:Gym
195154|Homes-Work-Others:Offices
195132|Uncategorized
195153|Travel:Highway/Traffic
195919|Travel:TrainStation
195918|Uncategorized
195922|Home/Work/Other:Corporate/Office
195923|Home/Work/Other:Corporate/Office
52199|Travel:Subway
195944|TravelSpots:Subways
7664|Arts&Entertainment:MusicVenue
155261|Food:Thai
12685|Travel:Airport
80072|Travel:TrainStation:Train
199100|Travel:TrainStation:Train
211|Travel:TrainStation
114972|Travel:TrainStation:Train
198731|Home/Work/Other:Corporate/Office
199495|Food:Cafés
46353|Shops:Technology
169905|Uncategorized
199545|Parks&Outdoors:Park
7069|Travel:Airport:Terminal
77732|Home/Work/Other:Corporate/Office
201034|Home/Work/Other:Home
201040|Food:CoffeeShops
30509|Food:CoffeeShop
201089|Home/Work/Other:Corporate/Office
30144|Arts&Entertainment:Stadium:Basketball
203357|Home/Work/Other:Home
203296|Shops:Mall
203710|Nightlife:Pub
203708|Home/Work/Other:Home
203709|Home/Work/Other:Home
84178|Food:Donuts
203898|Home/Work/Other:Home
203711|Home/Work/Other:PostOffice
203742|Shops:Technology
5135|Shops:DrugStore/Pharmacy
205448|College&Education:Dorm
4413|Food:CoffeeShop
205544|Homes-Work-Others:Homes
206804|Home/Work/Other:Corporate/Office:CoworkingSpace
206806|Home/Work/Other:Corporate/Office:TechStartup
1102|Travel:Airport:Gate
9440|Food:CoffeeShop
132336|Uncategorized
207713|Home/Work/Other:Corporate/Office
4490|Arts&Entertainment:ArtGallery
107278|Travel:TrainStation
104079|Home/Work/Other:Corporate/Office:Auditorium
12915|Food:Breakfast/Brunch
209272|Home/Work/Other:Other-Buildings
209371|Homes-Work-Others:Homes
210138|Home/Work/Other:Home
54403|Arts&Entertainment:ThemePark
73125|Shops:Food&Drink
211189|Travel:TrainStation
211184|Home/Work/Other:Home
211207|Home/Work/Other:School
92866|Travel:TrainStation
211974|Home/Work/Other:Corporate/Office
212154|Home/Work/Other:Home
26664|Travel:TrainStation:Train
83555|Parks&Outdoors:Park
215786|Shops:Other-Shopping
128122|College&Education:MedicalSchool
29293|Travel:TrainStation:Train
5284|Shops:Food&Drink:Grocery/Supermarket
118987|Home/Work/Other:Corporate/Office
217510|Home/Work/Other:Corporate/Office
50337|Shops:Food&Drink:Gourmet
39904|Home/Work/Other:Corporate/Office:TechStartup
218237|Travel:LightRail
45755|Home/Work/Other:Gym/Fitness:Gym
219634|Travel:BusStation:Bus
21761|Parks&Outdoors:Park
220333|Homes-Work-Others:Homes
70294|Travel:Subway
11336|Food:CoffeeShop
221896|Home/Work/Other:Corporate/Office:TechStartup
85944|Home/Work/Other:Gym/Fitness:Gym
176440|Home/Work/Other:Corporate/Office
31195|Food:CoffeeShop
223790|Uncategorized
17779|Home/Work/Other:Gym/Fitness:MartialArts
143483|Travel:TrainStation:Train
225479|Parks&Outdoors:Plaza/Square
159322|Home/Work/Other:Corporate/Office
225484|Parks&Outdoors:Park
225485|Home/Work/Other:Home
225481|Shops:DrugStore/Pharmacy
225482|Parks&Outdoors:Plaza/Square
54008|Shops:Food&Drink:Grocery/Supermarket
225486|Home/Work/Other:Home
226001|Home/Work/Other:Home
226492|Home/Work/Other:Gym/Fitness:Gym
227072|Home/Work/Other:Home
227073|Food:American
114487|Home/Work/Other:Gym/Fitness:Gym
227613|Homes-Work-Others:Homes
50301|Food:Donuts
30075|Food:Brewery
86554|Home/Work/Other:Corporate/Office
229085|Home/Work/Other:Home
110986|Food:Sandwiches
31234|Home/Work/Other:Corporate/Office
209650|Food:Café
231520|Shops:Technology
40625|Home/Work/Other:Corporate/Office:TechStartup
232339|Home/Work/Other:Gym/Fitness:YogaStudio
35257|Shops:Food&Drink:Grocery/Supermarket
72847|Shops:Food&Drink:Grocery/Supermarket
14855|Home/Work/Other:Home
232984|Home/Work/Other:Home
14748|Arts&Entertainment:Stadium
234548|Home/Work/Other:Corporate/Office
16126|Food:American
235009|Home/Work/Other:Home
32957|Food:CoffeeShop
39426|Shops:Food&Drink:Grocery/Supermarket
236578|Home/Work/Other:Corporate/Office
13626|Food:Bakery
73867|Home/Work/Other:Corporate/Office:Cafeteria
4758|Travel:Airport
237362|Home/Work/Other:Corporate/Office
15988|Food:CoffeeShop
175212|Home/Work/Other:Corporate/Office
238509|Home/Work/Other:Corporate/Office
238507|Home/Work/Other:Home
238514|Home/Work/Other:Corporate/Office
238865|Home/Work/Other:Government:CityHall
212006|Travel:TrainStation
238819|Home/Work/Other:Home
239029|Home/Work/Other:Home
85603|Food:CoffeeShop
219900|Home/Work/Other:Corporate/Office
71331|Home/Work/Other:Corporate/Office
241338|Home/Work/Other:Home
40782|Home/Work/Other:Corporate/Office
10644|Food:CoffeeShop
241899|Home/Work/Other:Corporate/Office
54426|Food:CoffeeShop
45008|Shops:Food&Drink:Grocery/Supermarket
240180|Travel:TrainStation:Train
165589|Nightlife:GayBar
28814|Food:CoffeeShop
244017|Uncategorized
79419|Home/Work/Other:Corporate/Office
36941|Arts&Entertainment:ThemePark
4082|Shops:Food&Drink:Grocery/Supermarket
13292|College&Education:University
246212|Travel:Subway
156574|Nightlife:Bar
247048|Home/Work/Other:Corporate/Office
247059|Travel:BusStation
6294|Home/Work/Other:Corporate/Office:Conferenceroom
84276|Home/Work/Other:Gym/Fitness:Gym
12040|Home/Work/Other:Corporate/Office:CoworkingSpace
252862|Shops:Design
252865|Nightlife:Pub
23875|Food:CoffeeShop
113624|Shops:Food&Drink:Grocery/Supermarket
20250|Travel:Subway
2165|Food:Brewery
253729|Home/Work/Other:Other-Buildings
254115|Home/Work/Other:Corporate/Office
142841|College&Education:Other-College&Education
254221|Uncategorized
254228|Home/Work/Other:Religious:Church
12834|Home/Work/Other:Corporate/Office:CoworkingSpace
14278|Parks&Outdoors:Plaza/Square
76949|Home/Work/Other:Corporate/Office:TechStartup
255341|Shops:Design
110570|Food:CoffeeShop
255571|Home/Work/Other:Home
255260|Home/Work/Other:Corporate/Office
126914|Home/Work/Other:Corporate/Office
255934|Home/Work/Other:Corporate/Office
257499|Home/Work/Other:Home
174459|Home/Work/Other:Corporate/Office
149512|Parks&Outdoors:Other-Parks&Outdoor
109306|Food:CoffeeShop
258807|Shops:Mall
140857|Food:Burgers
258806|Home/Work/Other:Corporate/Office
260103|Home/Work/Other:Corporate/Office
260158|Home/Work/Other:Home
15618|Parks&Outdoors:Park
260697|Arts&Entertainment:InternetCafe
13334|Parks&Outdoors:BaseballField
261997|Travel:TrainStation
179105|Travel:TrainStation
262490|Shops:Design
264654|Home/Work/Other:Home
205447|College&Education:Dorm
39331|Nightlife:Bar
20780|Food:CoffeeShop
177948|Travel:TrainStation
105104|Home/Work/Other:Corporate/Office
269363|Home/Work/Other:Home
270261|Food:French
270419|Home/Work/Other:Corporate/Office
270257|Home/Work/Other:Home
270293|Home/Work/Other:Corporate/Office
270321|Uncategorized
270803|Travel:TrainStation
110914|Food:Sushi
270791|Travel:TrainStation:Train
177635|Travel:TrainStation:Train
270782|Travel:TrainStation:Train
270785|Travel:TrainStation:Train
141703|Travel:TrainStation
272265|Home/Work/Other:Home
173692|Home/Work/Other:Corporate/Office
273647|Parks&Outdoors:Garden
106039|Travel:TrainStation:Train
32773|Shops:Furniture/Home
273698|Parks&Outdoors:Plaza/Square
169870|Food:EasternEuropeanRestaurants
209340|Shops:Mall
273723|Food:CoffeeShop
274139|Nightlife:WineBar
274134|Home/Work/Other:Home
274143|Uncategorized
40327|Arts&Entertainment:PerformingArts:Indie/OffBroadway
123574|Home/Work/Other:Corporate/Office
274243|Home/Work/Other:Corporate/Office
99114|Travel:LightRail
274758|Home/Work/Other:Home
68101|Shops:PostOffice
225695|Food:Sandwiches
225694|Shops:Bookstore
275584|Home/Work/Other:Corporate/Office
275545|Home/Work/Other:Home
126502|Shops:Mall
189961|Food:CoffeeShop
33288|Travel:Airport
275688|Home/Work/Other:Corporate/Office
126439|Shops:FoodandDrinkShops:GroceryStores
275550|Shops:Mall
275789|Home/Work/Other:Corporate/Office
64826|Shops:Bookstore
194851|TravelSpots:Subways
275580|Shops:Other-Shopping
277148|Uncategorized
42008|Food:CoffeeShop
277942|Home/Work/Other:Home
280448|Home/Work/Other:Other-Buildings
119543|Shops:DrugStore/Pharmacy
16743|College&Education:Lab
34470|Arts&Entertainment:ArtGallery
281633|Home/Work/Other:Home
15545|Nightlife:MusicVenue
26994|Nightlife:Bar
24137|Shops:Food&Drink:Grocery/Supermarket
255004|Parks&Outdoors:Plaza/Square
27060|Home/Work/Other:Government:Monument/Landmark
1799|Food:CoffeeShop
61399|College&Education:University
3365|Food:Italian
107609|Food:CoffeeShop
165183|Home/Work/Other:Gym/Fitness:Gym
6475|Travel:Hotel:HotelBar
14250|Shops:Food&Drink:Grocery/Supermarket
186587|Home/Work/Other:Home
285249|Food:CoffeeShop
1182|Food:Café
286226|Home/Work/Other:Corporate/Office:TechStartup
286212|Home/Work/Other:Corporate/Office
289424|Home/Work/Other:Home
289730|Home/Work/Other:Government
289727|Home/Work/Other:Other-Buildings
290995|Uncategorized
74630|Uncategorized
291559|Uncategorized
273409|Food:CoffeeShop
130987|Travel:TrainStation
292929|Food:American
293315|Travel:BusStation
132258|Home/Work/Other:Other-Buildings
244304|Travel:TrainStation
196049|Travel:TrainStation
69767|Shops:Technology
283087|College&Education:Dorm
87425|Nightlife:Bar
87423|Home/Work/Other:Corporate/Office
297167|Travel:Subway
75959|Travel:Subway
45038|Travel:TrainStation
113984|Food:Steakhouse
235630|Nightlife:Bar
297245|Home/Work/Other:Home
57770|Uncategorized
297385|Uncategorized
298153|Travel:Subway
270024|Travel:Highway/Traffic
298747|Travel:Highway/Traffic
130993|Home/Work/Other:School
176034|Food:Japanese
298846|Shops:Food&Drink:Grocery/Supermarket
298876|TravelSpots:TrainStations
298872|Travel:TrainStation
298873|Travel:TrainStation
298874|Travel:TrainStation:Train
87440|Nightlife:Pub
298930|Homes-Work-Others:Offices:CoworkingSpaces
47111|Travel:TrainStation
299489|Travel:Subway
69779|Shops:Mall
271123|Parks&Outdoors:Park
296142|Travel:TrainStation
300365|Arts&Entertainment:ComedyClub
300957|Travel:Subway
65054|TravelSpots:Subways
65017|Food:CoffeeShop
65060|Travel:Subway
40257|Travel:TrainStation:Train
301868|Home/Work/Other:Home
215762|Food:CoffeeShop
32709|Uncategorized
270023|Travel:TrainStation:Train
305732|Travel:TrainStation:Train
305742|Travel:TrainStation:Train
305734|Travel:TrainStation:Train
199483|Homes-Work-Others:Offices
24472|Food:CoffeeShop
87579|Shops:Food&Drink:Farmer'sMarket
310908|Homes-Work-Others:GymsorFitnessCenters:Gyms
40201|Arts&Entertainment:Stadium:Basketball
26080|Shops:Food&Drink:Grocery/Supermarket
43067|Food:Salad
26100|Travel:TrainStation
311883|Travel:LightRail
138413|Food:CoffeeShop
312234|Travel:TrainStation
270787|Shops:Technology
312952|Shops:Mall
312911|Travel:Subway
312912|Parks&Outdoors:Plaza/Square
312958|NightlifeSpots:BeerGardens
195975|Food:ChineseRestaurants
314818|Food:Café
270767|Uncategorized
315030|Travel:TrainStation:Train
10241|Shops:Paper/Office
31102|Home/Work/Other:Home
315760|Home/Work/Other:Home
315967|Shops:Food&Drink:Grocery/Supermarket
316762|Travel:TrainStation
317099|Travel:TrainStation
303782|Travel:TrainStation:Train
317302|Travel:Subway
317146|Travel:TrainStation
317393|Travel:Subway
229065|Home/Work/Other:Corporate/Office
318269|Travel:Subway
318162|Home/Work/Other:Corporate/Office
318163|Home/Work/Other:Corporate/Office
318165|Home/Work/Other:Home
58421|Home/Work/Other:Corporate/Office
241812|Travel:Subway
126853|Home/Work/Other:Corporate/Office
52170|Home/Work/Other:Corporate/Office:Conferenceroom
55624|Travel:TrainStation
55654|Home/Work/Other:Corporate/Office
39695|Travel:Airport
106590|Home/Work/Other:Corporate/Office
323948|Arts&Entertainment:Other-Entertainment
148700|Home/Work/Other:Corporate/Office
231092|Home/Work/Other:Corporate/Office:TechStartup
40104|Nightlife:Bar
152913|Parks&Outdoors:Park
52164|Travel:TrainStation:Train
203518|TravelSpots:TrainStations
146100|Travel:TrainStation
45917|Food:CoffeeShop
201488|Home/Work/Other:Corporate/Office
109896|Food:CoffeeShop
324782|Homes-Work-Others:Schools
327938|College&Education:AdministrativeBuilding
146199|Travel:TrainStation:Train
328871|Home/Work/Other:Home
328967|Uncategorized
59416|Travel:TrainStation
82346|Home/Work/Other:Corporate/Office
329696|Home/Work/Other:Corporate/Office
23082|Travel:LightRail
111062|Home/Work/Other:Gym/Fitness:YogaStudio
331406|Home/Work/Other:Corporate/Office
33523|Travel:TrainStation
102411|Home/Work/Other:Home
50700|Food:Café
335885|Food:CoffeeShop
335935|Food:Burgers
194715|College&Education:University
194664|Travel:TrainStation
194641|Food:Café
91927|Home/Work/Other:Corporate/Office
32312|Travel:TrainStation
33478|Travel:TrainStation:Train
343151|Home/Work/Other:Home
132791|Travel:TrainStation:Train
34439|Home/Work/Other:Corporate/Office
344827|Homes-Work-Others:ReligiousCenters:Temples
344968|Homes-Work-Others:Homes
34982|Home/Work/Other:Corporate/Office
9467|Travel:Hotel
345835|Shops:Other-Shopping
2727|Food:Burgers
315209|Home/Work/Other:Corporate/Office
136016|Travel:Subway
347915|Uncategorized
135870|Travel:LightRail
345697|Travel:Subway
34884|Food:CoffeeShop
207885|Travel:Subway
349517|Home/Work/Other:Corporate/Office:TechStartup
35060|Home/Work/Other:Corporate/Office
2904|Shops:Furniture/Home
352495|College&Education:StudentCenter
118672|Food:Asian
209689|Home/Work/Other:Gym/Fitness:Gym
353856|Arts&Entertainment:ArtGallery
178576|Home/Work/Other:Home
155559|Home/Work/Other:Other-Buildings
178080|Home/Work/Other:Home
319414|Parks&Outdoors:Bridge
81059|Food:FoodCourt
65117|Travel:Subway
355046|Travel:Hotel
355048|Food:Wings
355049|Home/Work/Other:Gym/Fitness:Gym
355047|Shops:Tattoo
356180|Home/Work/Other:Home
355982|Arts&Entertainment:Arcade
356674|Home/Work/Other:Home
246428|Travel:TrainStation:Train
359532|Home/Work/Other:Corporate/Office
359529|Home/Work/Other:Home
142695|Food:CoffeeShop
36077|Travel:TrainStation
359552|College&Education:Quad/Commons
28072|Home/Work/Other:Gym/Fitness:Gym
298760|Travel:TrainStation:Train
7833|Home/Work/Other:Gym/Fitness:Gym
33911|Home/Work/Other:Corporate/Office
270746|Shops:Furniture/Home
366022|Food:Korean
366390|Uncategorized
367404|Nightlife:Other-Nightlife
367422|Homes-Work-Others:Homes
368947|TravelSpots:HighwaysorRoads
368948|Homes-Work-Others:Homes
368946|TravelSpots:HighwaysorRoads
370302|Home/Work/Other:Home
199132|Travel:TrainStation:Train
369936|Homes-Work-Others:ConventionCenters:MeetingRooms
369938|Travel:TrainStation:Train
150967|Parks&Outdoors:Plaza/Square
180225|Uncategorized
369952|Travel:LightRail
370021|Home/Work/Other:Home
152940|Travel:Subway
36726|Food:Sushi
36713|Travel:LightRail
36616|Travel:TrainStation
36639|Home/Work/Other:Library
36707|Food:CoffeeShop
377086|Colleges&Universities:CollegeCafeterias
36736|Shops:Mall
375190|Travel:Subway
159030|Home/Work/Other:Corporate/Office
379076|Home/Work/Other:Corporate/Office
38230|Travel:TrainStation
38463|Home/Work/Other:Home
38284|Travel:Subway
39392|Home/Work/Other:Home
380878|Home/Work/Other:Gym/Fitness:Gym
380879|College&Education:AdministrativeBuilding
380907|College&Education:Dorm
39291|Nightlife:Bar
287998|College&Education:Dorm
381099|Home/Work/Other:Corporate/Office
69668|Home/Work/Other:Corporate/Office
381130|Home/Work/Other:Home
381721|Parks&Outdoors:Park
382887|Uncategorized
384158|College&Education:University
225825|Home/Work/Other:Corporate/Office
290269|Home/Work/Other:Other-Buildings
358934|Home/Work/Other:Gym/Fitness:Gym
386853|Shops:Mall
338038|Food:Breakfast/Brunch
386852|Home/Work/Other:Corporate/Office
286637|Home/Work/Other:Corporate/Office
71162|Arts&Entertainment:Stadium
388479|Home/Work/Other:Home
47582|Parks&Outdoors:Park
31529|Home/Work/Other:Corporate/Office
390157|Home/Work/Other:Other-Buildings
390158|Home/Work/Other:Corporate/Office
390440|Home/Work/Other:Home
391420|Home/Work/Other:Corporate/Office
19906|Food:CoffeeShop
391718|Home/Work/Other:Home
392048|Parks&Outdoors:Playground
392896|Home/Work/Other:Home
392897|Home/Work/Other:Corporate/Office
393242|Home/Work/Other:Home
393206|Home/Work/Other:Corporate/Office:CoworkingSpace
393216|Shops:Hardware
393339|Home/Work/Other:Medical:Hospital
394540|Homes-Work-Others:Homes
6981|Travel:Airport:Terminal
26005|Food:CoffeeShop
395568|Home/Work/Other:Corporate/Office
395559|Home/Work/Other:Other-Buildings
395558|Home/Work/Other:Home
153975|Travel:TrainStation
298881|Travel:Subway
399451|Uncategorized
400689|College&Education:FratHouse
22110|Nightlife:Karaoke
85336|Shops:DrugStore/Pharmacy
401173|Home/Work/Other:Home
401175|Homes-Work-Others:Offices
165967|Home/Work/Other:Other-Buildings
405362|Home/Work/Other:Home
405360|Home/Work/Other:Corporate/Office
406076|Travel:TrainStation:Train
406417|Shops:Banks
406421|Homes-Work-Others:Homes
40168|Home/Work/Other:Corporate/Office
409839|Home/Work/Other:Corporate/Office
40386|Home/Work/Other:Government:Monument/Landmark
40370|Shops:Food&Drink:Grocery/Supermarket
410251|Home/Work/Other:Other-Buildings
95957|Food:Breakfast/Brunch
411869|Home/Work/Other:Corporate/Office
88797|Home/Work/Other:Corporate/Office
412273|Uncategorized
413912|Home/Work/Other:Home
413486|Home/Work/Other:Corporate/Office
413916|Home/Work/Other:Home
41158|Travel:LightRail
122692|Food:Café
414055|Homes-Work-Others:Offices
276302|Home/Work/Other:Corporate/Office
201916|Home/Work/Other:Government:Monument/Landmark
24756|Travel:Airport:Gate
110991|Home/Work/Other:Corporate/Office
414574|Home/Work/Other:Home
419199|Home/Work/Other:Home
102842|Home/Work/Other:Corporate/Office
421659|Uncategorized
313283|Home/Work/Other:Corporate/Office
5983|Travel:Airport
424016|Homes-Work-Others:Homes
39677|Shops:Mall
425078|Uncategorized
227882|Home/Work/Other:Government:Monument/Landmark
425745|Home/Work/Other:Home
47330|Food:CoffeeShop
429348|Home/Work/Other:Home
279879|Home/Work/Other:Home
430452|Travel:TrainStation
430480|College&Education:University
337924|Shops:Mall
430940|Home/Work/Other:Corporate/Office
431019|Home/Work/Other:Home
321580|Home/Work/Other:Corporate/Office
432507|Home/Work/Other:Corporate/Office
432570|Home/Work/Other:Home
432576|Home/Work/Other:Government
335486|Home/Work/Other:Gym/Fitness:Gym
435955|Home/Work/Other:Corporate/Office
88313|Food:Café
437976|Uncategorized
439086|Uncategorized
439087|Uncategorized
50956|Home/Work/Other:Corporate/Office
441352|Home/Work/Other:Corporate/Office
441359|Home/Work/Other:Corporate/Office
442172|Home/Work/Other:Home
442379|Home/Work/Other:Religious
321496|Home/Work/Other:Corporate/Office
170745|Home/Work/Other:Other-Buildings
51878|Home/Work/Other:Corporate/Office
297591|Homes-Work-Others:Offices:TechStartups
448121|Travel:TrainStation:Train
448120|Travel:TrainStation:Train
58537|Shops:Food&Drink:Grocery/Supermarket
448302|Home/Work/Other:Home
52108|Travel:TrainStation:Train
448700|Home/Work/Other:Corporate/Office
449859|Home/Work/Other:Corporate/Office
194526|Food:CoffeeShop
156316|Food:CoffeeShop
449367|Home/Work/Other:Corporate/Office
446512|College&Education:University
452771|Home/Work/Other:Home
51254|Travel:Subway
454033|Home/Work/Other:Home
90167|College&Education:University
62049|Parks&Outdoors:Plaza/Square
215112|Home/Work/Other:Corporate/Office
34692|Food:CoffeeShop
48352|Food:FoodCourt
456260|Home/Work/Other:Home
456739|Home/Work/Other:Home
460924|Home/Work/Other:Corporate/Office
57118|Travel:TrainStation
450216|Shops:DepartmentStore
462232|Homes-Work-Others:Homes
462203|Homes-Work-Others:Offices
462242|Home/Work/Other:Gym/Fitness:Gym
80958|Food:Café
462440|Home/Work/Other:Corporate/Office:TechStartup
462353|Uncategorized
105449|Travel:TrainStation
465269|Homes-Work-Others:Homes
465268|Homes-Work-Others:Homes
465272|GreatOutdoors:Playgrounds
468806|Home/Work/Other:Home
468815|Home/Work/Other:Corporate/Office
281008|Home/Work/Other:Corporate/Office
463785|Home/Work/Other:Corporate/Office
469587|Home/Work/Other:Home
240258|Home/Work/Other:Corporate/Office
122444|Home/Work/Other:Corporate/Office
470122|TravelSpots:TrainStations
472211|Homes-Work-Others:Homes
362891|Home/Work/Other:Corporate/Office
118656|Home/Work/Other:Corporate/Office:TechStartup
473446|Home/Work/Other:Corporate/Office:TechStartup
475219|Uncategorized
222662|Food:Pizza
217635|Home/Work/Other:Corporate/Office
215160|Home/Work/Other:Corporate/Office
481746|Home/Work/Other:Corporate/Office
482538|Home/Work/Other:Home
481784|Home/Work/Other:Corporate/Office
483462|Uncategorized
485271|Homes-Work-Others:Homes
486352|Home/Work/Other:Corporate/Office
272363|College&Education:AcademicBuilding:Arts
28191|Food:CoffeeShop
284989|Home/Work/Other:Home
26941|Home/Work/Other:Home
90950|Home/Work/Other:Corporate/Office
488904|Home/Work/Other:Home
489379|College&Education:University
421828|Home/Work/Other:Corporate/Office
149441|Home/Work/Other:Corporate/Office
34462|Arts&Entertainment:Museum:Science
495030|Home/Work/Other:Home
495401|Travel:BusStation:Bus
356200|Travel:TrainStation:Train
495399|Home/Work/Other:Corporate/Office
4360|Shops:Apparel
498270|Home/Work/Other:Home
499207|Home/Work/Other:Corporate/Office
499429|Homes-Work-Others:Offices
499423|Home/Work/Other:Home
500180|Home/Work/Other:Corporate/Office
500179|Home/Work/Other:Home
982|Nightlife:DiveBar
502278|Home/Work/Other:Home
502367|Home/Work/Other:Corporate/Office
503032|Shops:Technology
105627|Home/Work/Other:Other-Buildings
504377|Home/Work/Other:Corporate/Office
504378|Home/Work/Other:Corporate/Office
504380|Uncategorized
107730|Nightlife:Karaoke
31581|Home/Work/Other:Corporate/Office
505596|Home/Work/Other:Corporate/Office
506143|Home/Work/Other:Corporate/Office
507284|Travel:TrainStation
507283|Home/Work/Other:Corporate/Office
509989|Home/Work/Other:Corporate/Office
509986|Home/Work/Other:Home
17884|Shops:DepartmentStore
510384|Home/Work/Other:Home
510519|Uncategorized
81056|Shops:GasStation/Garage
9056|Food:CoffeeShop
510596|Uncategorized
300674|Home/Work/Other:Corporate/Office:CoworkingSpace
86834|Home/Work/Other:Home
86649|Home/Work/Other:Home
514175|Uncategorized
514170|Uncategorized
464792|Home/Work/Other:Corporate/Office
448306|Home/Work/Other:Corporate/Office
483342|Travel:Boat/Ferry
515017|Home/Work/Other:Home
52163|Travel:TrainStation
465298|Homes-Work-Others:Offices
89094|Home/Work/Other:Home
289786|Travel:Highway/Traffic
110646|Home/Work/Other:Corporate/Office
345727|Home/Work/Other:Corporate/Office
105797|Home/Work/Other:Corporate/Office
520868|Home/Work/Other:Corporate/Office
521443|Homes-Work-Others:Homes
512226|Home/Work/Other:Corporate/Office
524729|Home/Work/Other:Home
526006|Homes-Work-Others:Homes
241521|Uncategorized
526706|Home/Work/Other:Home
528059|College&Education:AcademicBuilding:Engineering
529040|Home/Work/Other:Home
395596|TravelSpots:TrainStations
530430|Shops:FoodandDrinkShops
530413|Homes-Work-Others:Homes
530474|Travel:TrainStation:Train
98145|Food:Snacks
99950|Home/Work/Other:Corporate/Office
489804|Arts&Entertainment:Arcade
536723|Home/Work/Other:Corporate/Office
348665|TravelSpots:Subways
537756|Uncategorized
222914|Home/Work/Other:Home
538399|Parks&Outdoors:Other-Parks&Outdoor
540268|Home/Work/Other:Home
52080|Parks&Outdoors:Beach
541981|Home/Work/Other:Home
105463|Shops:Food&Drink:Grocery/Supermarket
543996|Home/Work/Other:Home
89825|Home/Work/Other:Corporate/Office:TechStartup
543997|Food:Gastropub
545811|Home/Work/Other:Home
435527|Home/Work/Other:Corporate/Office
546655|Uncategorized
547467|Homes-Work-Others:Offices
551682|Uncategorized
551814|Home/Work/Other:Corporate/Office
110629|Home/Work/Other:School
557472|Homes-Work-Others:ApartmentBuildings
115118|Homes-Work-Others:MedicalCenters
558230|Homes-Work-Others:Homes
240906|Home/Work/Other:Corporate/Office
555122|Home/Work/Other:Corporate/Office
139166|Home/Work/Other:Corporate/Office
117333|Home/Work/Other:Corporate/Office
559001|Home/Work/Other:Home
560007|Home/Work/Other:Corporate/Office:TechStartup
119234|Uncategorized
336163|Travel:Airport
567794|Home/Work/Other:Home
567874|Home/Work/Other:Corporate/Office
225802|Shops:Mall
294458|Shops:Mall
568158|Home/Work/Other:Corporate/Office:TechStartup
568159|Food:Italian
33294|Travel:Airport
97052|Shops:Mall
569009|Home/Work/Other:Corporate/Office
44374|Food:CoffeeShop
570222|Uncategorized
570226|Nightlife:Bar
570957|Arts&Entertainment:Other-Entertainment
570991|Home/Work/Other:Gym/Fitness:Gym
473471|Home/Work/Other:Home
162399|Home/Work/Other:Corporate/Office:CoworkingSpace
47571|Food:American
140757|Home/Work/Other:Corporate/Office
258048|Home/Work/Other:Home
335889|Travel:TrainStation
294452|Home/Work/Other:Corporate/Office
575067|Home/Work/Other:Home
294465|Shops:Mall
336220|Shops:Mall
290270|College&Education:University
564060|Home/Work/Other:Corporate/Office
338230|Home/Work/Other:Corporate/Office
225791|Home/Work/Other:Corporate/Office
335895|Shops:Services
575847|Arts&Entertainment:Other-Entertainment
575557|Home/Work/Other:Home
576012|Home/Work/Other:Home
566641|Home/Work/Other:Corporate/Office
576079|Home/Work/Other:Corporate/Office
384952|Food:Japanese
576545|Shops:FoodandDrinkShops:GroceryStores
576536|Homes-Work-Others:Offices:CoworkingSpaces
129872|Home/Work/Other:Corporate/Office
577064|Home/Work/Other:Home
577059|Shops:GiftShop
365895|Home/Work/Other:Home
579031|Travel:Subway
317265|Travel:Subway
581228|Home/Work/Other:Corporate/Office
581201|Home/Work/Other:Other-Buildings
582188|Home/Work/Other:Corporate/Office
582205|Uncategorized
582301|Travel:BusStation:Bus
582893|Home/Work/Other:Corporate/Office
292707|Home/Work/Other:Corporate/Office
134804|Travel:Subway
135363|Home/Work/Other:Corporate/Office
586878|Home/Work/Other:Corporate/Office
586915|Home/Work/Other:Home
586922|Shops:ClothingStores:Men'sStores
245126|College&Education:AcademicBuilding
142011|Shops:Food&Drink:Grocery/Supermarket
587765|College&Education:University
18977|Food:Mexican
588021|Home/Work/Other:Home
589149|GreatOutdoors:OtherGreatOutdoors
450661|Home/Work/Other:Corporate/Office
194043|Food:Cafés
550292|Travel:LightRail
592674|Home/Work/Other:Home
130920|Travel:Subway
2259|Travel:Airport
127589|Travel:Subway
24715|Food:CoffeeShop
595373|Home/Work/Other:Corporate/Office
353716|Home/Work/Other:Corporate/Office:CoworkingSpace
596288|Home/Work/Other:Corporate/Office:CoworkingSpace
597538|Home/Work/Other:Home
598538|Home/Work/Other:Corporate/Office
598698|Home/Work/Other:Government
102562|Parks&Outdoors:DogRun
175578|Home/Work/Other:Home
56837|Shops:Technology
601396|Home/Work/Other:Corporate/Office
318642|Home/Work/Other:Corporate/Office
114912|Travel:TrainStation
603002|Home/Work/Other:Home
603943|Home/Work/Other:Corporate/Office
290163|Home/Work/Other:Other-Buildings
248028|College&Education:Bookstore
604050|Food:CoffeeShop
604051|Home/Work/Other:Home
252347|Nightlife:Brewery/Microbrewery
604049|Parks&Outdoors:Other-Parks&Outdoor
604048|Home/Work/Other:Home
604634|Home/Work/Other:Home
605462|Home/Work/Other:Home
607868|College&Education:Dorm
110597|Food:CoffeeShop
534021|Travel:TrainStation:Train
609333|Home/Work/Other:Home
91844|Home/Work/Other:Other-Buildings
155199|Home/Work/Other:Corporate/Office
363895|Parks&Outdoors:Playground
610751|Food:Snacks
609616|Home/Work/Other:Corporate/Office
611311|Home/Work/Other:Home
611419|Home/Work/Other:Corporate/Office:TechStartup
611833|College&Education:SororityHouse
282189|Home/Work/Other:Corporate/Office
30239|Shops:DrugStore/Pharmacy
617555|Home/Work/Other:Home
618333|Home/Work/Other:Corporate/Office:TechStartup
260082|Parks&Outdoors:Bridge
619219|Nightlife:Cocktails/Mixology
619482|Uncategorized
401303|Home/Work/Other:Home
620124|Home/Work/Other:Home
178182|Home/Work/Other:Corporate/Office
118192|Home/Work/Other:Corporate/Office
622610|Food:American
622612|Home/Work/Other:Home
623016|College&Education:Dorm
624386|Home/Work/Other:Home
626633|Home/Work/Other:Home
604069|Home/Work/Other:Home
629417|Home/Work/Other:Home
137635|Home/Work/Other:Home
631659|Home/Work/Other:Corporate/Office
121280|Shops:Technology
621184|Home/Work/Other:Home
634121|Home/Work/Other:Home
175885|Home/Work/Other:Corporate/Office
634894|Home/Work/Other:Home
628151|Home/Work/Other:Corporate/Office
563407|Home/Work/Other:Corporate/Office
563401|Home/Work/Other:Home
636504|Home/Work/Other:Corporate/Office:CoworkingSpace
217028|College&Education:Library
557800|Arts&Entertainment:Arcade
637612|Arts&Entertainment:Other-Entertainment
637619|Parks&Outdoors:Lighthouse
637965|Home/Work/Other:Home
638586|Home/Work/Other:Home
638587|Home/Work/Other:Home
638588|Food:FoodCourt
85617|Shops:Food&Drink:Grocery/Supermarket
438633|Home/Work/Other:Corporate/Office
640051|Home/Work/Other:Home
640779|Home/Work/Other:Corporate/Office
644858|Home/Work/Other:Corporate/Office
644860|Home/Work/Other:Home
18198|Nightlife:BeerGarden
647439|Home/Work/Other:Corporate/Office:CoworkingSpace
649463|Nightlife:Bar
649851|Home/Work/Other:Home
231681|Home/Work/Other:Corporate/Office
39703|Parks&Outdoors:Bridge
39822|Parks&Outdoors:Bridge
653868|Home/Work/Other:Corporate/Office
655435|Home/Work/Other:Home
265186|Home/Work/Other:Home
363996|Uncategorized
656737|Parks&Outdoors:Playground
657328|Home/Work/Other:Corporate/Office
657327|Home/Work/Other:Corporate/Office
658560|Travel:TrainStation:Train
616739|Travel:Subway
191139|Home/Work/Other:Home
84067|Shops:Other-Shopping
660611|Shops:Automotive
660612|Home/Work/Other:Home
661811|College&Education:Library
39129|Shops:Food&Drink:Grocery/Supermarket
661803|Home/Work/Other:Gym/Fitness:Gym
662706|Home/Work/Other:Home
662708|College&Education:University
664458|Home/Work/Other:Home
96846|Food:CoffeeShop
664537|Home/Work/Other:Corporate/Office:TechStartup
666562|Homes-Work-Others:Offices
666595|GreatOutdoors:Parks
666777|Homes-Work-Others:Offices
666848|Homes-Work-Others:Offices
234526|Home/Work/Other:Corporate/Office:CoworkingSpace
386856|Home/Work/Other:Other-Buildings
178045|Home/Work/Other:Corporate/Office
668321|Uncategorized
668540|Home/Work/Other:Home
668883|Home/Work/Other:Home
124316|Home/Work/Other:Corporate/Office:TechStartup
671522|Home/Work/Other:Corporate/Office:CoworkingSpace
671529|Home/Work/Other:Home
625249|Home/Work/Other:Corporate/Office
671900|Home/Work/Other:Home
13323|Arts&Entertainment:Stadium
672514|Home/Work/Other:Corporate/Office
13133|Home/Work/Other:Corporate/Office
297082|Home/Work/Other:Corporate/Office
678466|Home/Work/Other:Home
132814|Home/Work/Other:Corporate/Office
681893|Food:Café
682328|Parks&Outdoors:Garden
318890|Uncategorized
152361|Home/Work/Other:Corporate/Office
432737|Travel:TrainStation
684519|Nightlife:Speakeasy/SecretSpot
688544|Home/Work/Other:Home
182529|Home/Work/Other:Home
689200|Nightlife:WhiskyBar
689321|Home/Work/Other:Home
692020|Uncategorized
697123|Uncategorized
210146|Home/Work/Other:Home
463801|Home/Work/Other:Corporate/Office
59895|Home/Work/Other:Corporate/Office:CoworkingSpace
702679|Home/Work/Other:Home
316900|Home/Work/Other:Home
704662|Home/Work/Other:Government:PoliceStation
147181|Home/Work/Other:Gym/Fitness:Gym
200402|Home/Work/Other:Home
205452|Home/Work/Other:Home
484135|Home/Work/Other:Corporate/Office
318919|Uncategorized
157664|Home/Work/Other:Corporate/Office
34744|Parks&Outdoors:Bridge
715618|Home/Work/Other:Home
462536|Shops:Food&Drink:Grocery/Supermarket
33024|Nightlife:Bar
723791|Uncategorized
723792|Uncategorized
224616|Home/Work/Other:Home
683823|Home/Work/Other:Corporate/Office
728290|Home/Work/Other:Corporate/Office
647131|Food:Deli/Bodega
521848|Travel:TrainStation
732126|Home/Work/Other:Home
732127|Home/Work/Other:Home
204935|Home/Work/Other:Corporate/Office
633145|Home/Work/Other:Corporate/Office:CoworkingSpace
735579|Home/Work/Other:Home
497985|Travel:TrainStation
738433|Home/Work/Other:Home
254161|Shops:Food&Drink:Grocery/Supermarket
100802|Food:Café
110609|Home/Work/Other:Gym/Fitness:Gym
254421|Food:CoffeeShop
741992|Home/Work/Other:Corporate/Office
743018|Home/Work/Other:Corporate/Office
259279|Uncategorized
647315|Home/Work/Other:Home
747060|Home/Work/Other:Home
747458|Home/Work/Other:Home
747748|Home/Work/Other:Government:CityHall
183877|Food:Snacks
747746|Home/Work/Other:Home
748670|Home/Work/Other:Corporate/Office:TechStartup
170877|College&Education:University
194039|Food:Café
173234|Home/Work/Other:Corporate/Office
299135|Food:Bakery
189950|Home/Work/Other:Corporate/Office
435971|Home/Work/Other:Corporate/Office
758774|Shops:Food&Drink:Grocery/Supermarket
41098|Home/Work/Other:Corporate/Office
758775|Uncategorized
759650|Home/Work/Other:Home
229237|Food:CoffeeShop
322502|Home/Work/Other:Corporate/Office:Conferenceroom
144728|Shops:DrugStore/Pharmacy
761717|College&Education:AcademicBuilding:Engineering
764099|Home/Work/Other:Home
764157|Home/Work/Other:Home
765198|Homes-Work-Others:Homes
765266|Uncategorized
73721|Travel:TrainStation:Train
768904|College&Education:University
771027|Home/Work/Other:Corporate/Office
110246|Uncategorized
723812|Uncategorized
774354|Travel:TrainStation:Train
774353|Travel:TrainStation
303394|Arts&Entertainment:ComedyClub
776488|Homes-Work-Others:Homes
38131|Travel:Subway
38273|Food:CoffeeShop
778837|Home/Work/Other:Corporate/Office
778839|Home/Work/Other:Home
782215|Uncategorized
782342|Home/Work/Other:Home
784994|Home/Work/Other:Home
31811|College&Education:LawSchool
787095|Homes-Work-Others:Homes
788878|Home/Work/Other:Home
59168|Parks&Outdoors:Other-Parks&Outdoor
128333|Uncategorized
794670|Home/Work/Other:Home
127542|Home/Work/Other:Corporate/Office
795227|Home/Work/Other:Corporate/Office:TechStartup
50380|Home/Work/Other:Gym/Fitness:Gym
797953|Home/Work/Other:Home
382760|Uncategorized
225844|Home/Work/Other:Corporate/Office
567204|Home/Work/Other:Corporate/Office
803653|Uncategorized
803660|Uncategorized
803539|Home/Work/Other:Corporate/Office
803537|Arts&Entertainment:ArtGallery
9475|Food:Sandwiches
168735|Nightlife:SakeBar
245938|Uncategorized
806740|Home/Work/Other:Home
592160|Travel:TrainStation
356218|Travel:LightRail
233415|Home/Work/Other:Corporate/Office
221390|Food:TeaRoom
364935|Parks&Outdoors:DogRun
353563|Home/Work/Other:Corporate/Office
812620|Home/Work/Other:Home
812627|Uncategorized
468245|Travel:Resort
375374|Travel:Subway
816469|Home/Work/Other:Home
563978|Home/Work/Other:Other-Buildings
542391|Home/Work/Other:Government
821789|Home/Work/Other:Home
824280|Home/Work/Other:Other-Buildings
636240|Home/Work/Other:Home
826520|Home/Work/Other:Home
347267|Uncategorized
827079|Uncategorized
512519|Home/Work/Other:Corporate/Office
105843|Home/Work/Other:Corporate/Office
56128|Home/Work/Other:Corporate/Office
830882|Home/Work/Other:Home
731355|Home/Work/Other:Corporate/Office
313255|Home/Work/Other:Corporate/Office
420756|Home/Work/Other:Corporate/Office:TechStartup
107726|Home/Work/Other:Corporate/Office:CoworkingSpace
474158|Travel:Highway/Traffic
694514|Home/Work/Other:Home
132709|Parks&Outdoors:Bridge
780206|Home/Work/Other:Other-Buildings
582611|Travel:Highway/Traffic
549204|Home/Work/Other:Other-Buildings
132697|Parks&Outdoors:Beach
836386|Home/Work/Other:Home
837529|Home/Work/Other:Corporate/Office
837536|Uncategorized
837614|Travel:TrainStation
722994|Home/Work/Other:Home
487919|Home/Work/Other:Corporate/Office
570833|Home/Work/Other:Corporate/Office
392012|Travel:TrainStation
842521|Homes-Work-Others:Homes
843731|Home/Work/Other:Home
77632|Home/Work/Other:Corporate/Office
845520|Homes-Work-Others:Homes
448450|Home/Work/Other:Home
678815|Home/Work/Other:Corporate/Office
137028|Home/Work/Other:Corporate/Office
847950|Home/Work/Other:Corporate/Office
847951|Home/Work/Other:Home
849987|Uncategorized
849973|Homes-Work-Others:Homes
8317|Food:Other-Food
850411|Homes-Work-Others:Buildings
521579|TravelSpots:TrainStations
850428|Uncategorized
850469|Homes-Work-Others:Offices
851675|Home/Work/Other:Corporate/Office
413128|Home/Work/Other:Corporate/Office
852769|Parks&Outdoors:Plaza/Square
854270|Home/Work/Other:Home
854291|Home/Work/Other:Home
854274|Home/Work/Other:Home
854968|Home/Work/Other:Home
854969|Food:American
855409|Home/Work/Other:Corporate/Office
821963|Home/Work/Other:Corporate/Office:CoworkingSpace
483375|Home/Work/Other:Home
858315|Home/Work/Other:Home
427472|Travel:TrainStation:Train
502480|Home/Work/Other:Corporate/Office
484680|Home/Work/Other:Corporate/Office:TechStartup
509422|Nightlife:Other-Nightlife
868832|Home/Work/Other:Home
299033|Home/Work/Other:Corporate/Office
450398|Uncategorized
165951|Home/Work/Other:Home
87929|Home/Work/Other:Corporate/Office
869335|Home/Work/Other:Corporate/Office:CoworkingSpace
871716|Home/Work/Other:Corporate/Office
871715|Home/Work/Other:Home
873497|Home/Work/Other:Corporate/Office:TechStartup
877499|Home/Work/Other:Home
877609|Home/Work/Other:Home
635197|Home/Work/Other:Corporate/Office
548715|Uncategorized
597326|Home/Work/Other:Other-Buildings
882740|Home/Work/Other:Home
336161|College&Education:AcademicBuilding:Math
225757|Home/Work/Other:Corporate/Office:CoworkingSpace
64824|Home/Work/Other:Corporate/Office
886143|Home/Work/Other:Corporate/Office
845751|Arts&Entertainment:MovieTheater
889037|Travel:BusStation:Bus
581789|Home/Work/Other:Corporate/Office
889035|Home/Work/Other:Home
64593|Travel:Boat/Ferry
889215|Home/Work/Other:Other-Buildings
585746|Uncategorized
587784|Home/Work/Other:Home
891127|Travel:Hotel
892557|Food:TeaRoom
893027|Home/Work/Other:Home
893028|Home/Work/Other:Corporate/Office:TechStartup
55120|Home/Work/Other:Gym/Fitness:Gym
894063|Home/Work/Other:Home
690466|Home/Work/Other:Corporate/Office
895500|Uncategorized
895812|Home/Work/Other:Home
895880|Home/Work/Other:Home
899246|Shops:Food&Drink
668136|Home/Work/Other:Corporate/Office:CoworkingSpace
901841|Uncategorized
338222|Home/Work/Other:Corporate/Office
902315|Home/Work/Other:Corporate/Office
860978|Home/Work/Other:Corporate/Office:TechStartup
904023|Home/Work/Other:Home
316265|Home/Work/Other:Corporate/Office
398719|Home/Work/Other:Corporate/Office
905527|Home/Work/Other:Corporate/Office
64970|Travel:Highway/Traffic
908833|Home/Work/Other:Home
908834|Home/Work/Other:Corporate/Office
372851|College&Education:Quad/Commons
911424|Arts&Entertainment:Other-Entertainment
911425|Home/Work/Other:Home
910630|Travel:Subway
427960|Home/Work/Other:Corporate/Office
312942|Parks&Outdoors:Other-Parks&Outdoor
425689|Uncategorized
918843|Home/Work/Other:Home
708319|Home/Work/Other:Home
921110|Home/Work/Other:Corporate/Office
921106|Travel:LightRail
742055|Home/Work/Other:Corporate/Office
163924|Home/Work/Other:Other-Buildings
928130|Travel:TrainStation
190035|Arts&Entertainment:ArtGallery
575470|Home/Work/Other:Corporate/Office
928938|Homes-Work-Others:Offices
681920|Home/Work/Other:Corporate/Office
931176|Home/Work/Other:Home
934208|Home/Work/Other:Home
121019|Home/Work/Other:Corporate/Office
305873|Home/Work/Other:Corporate/Office
936656|Home/Work/Other:Home
936692|Home/Work/Other:Home
264208|Home/Work/Other:Corporate/Office
792139|Uncategorized
937052|Home/Work/Other:Home
802357|Home/Work/Other:Corporate/Office
940296|Uncategorized
566825|College&Education:University
2064|Home/Work/Other:Corporate/Office
942532|Home/Work/Other:Corporate/Office:CoworkingSpace
946090|Home/Work/Other:Home
497490|Home/Work/Other:Corporate/Office
951387|Homes-Work-Others:Offices
881039|Home/Work/Other:Corporate/Office
894666|Home/Work/Other:Medical:EmergencyRoom
894663|Home/Work/Other:Home
958105|Uncategorized
960587|Home/Work/Other:Corporate/Office
913634|Home/Work/Other:Home
787970|Home/Work/Other:Corporate/Office
917550|Home/Work/Other:Home
750925|Home/Work/Other:Corporate/Office
953173|Arts&Entertainment:Arcade
954238|Home/Work/Other:Corporate/Office
962073|Home/Work/Other:Home
366922|Home/Work/Other:Home
970016|Shops:HardwareStores
970019|College&Education:AcademicBuilding:Arts
969397|Home/Work/Other:Home
971034|Home/Work/Other:Home
